question_id,job_role,category,skill,difficulty,question,ideal_answer,keywords,evaluation_criteria,follow_up_questions,expected_duration,weight,tags
SE001,Software Engineer,Behavioral,Self-Introduction & Communication,Easy,Tell me about yourself.,"A strong candidate should provide a structured summary of their educational background, professional experience, technical skills, major projects, and career goals. Example: ""I am a software engineer with experience in designing, developing, and maintaining software applications. I have worked with technologies such as Java, Python, JavaScript, and SQL. In my previous role, I developed backend APIs and collaborated with cross-functional teams to deliver scalable solutions. One project I am particularly proud of involved optimizing a database system, which reduced query execution time by 40%. I enjoy solving complex technical problems and continuously learning new technologies. Currently, I am looking for opportunities where I can contribute to impactful products while further developing my software engineering and system design skills.""",background|experience|technical skills|projects|career goals|communication,Presents information in a clear structure|Highlights relevant technical experience|Demonstrates confidence and communication skills|Connects past experience with the role|Avoids irrelevant personal details,What technologies are you most comfortable with?|Why are you interested in this role?,2-3 minutes,5,"Behavioral, Introduction"
SE002,Software Engineer,Technical Fundamentals,OOP,Medium,What is Object-Oriented Programming (OOP)?,"OOP is a programming paradigm that organizes software around objects rather than functions. Objects contain both data (attributes) and behavior (methods). The four main principles are: Encapsulation - bundling data and methods together and restricting direct access (e.g., a bank account class hides its balance and provides deposit()/withdraw() methods). Inheritance - one class acquires properties and behaviors from another (e.g., Vehicle inherited by Car and Motorcycle). Polymorphism - objects of different types are treated through a common interface (different classes implement the same method differently). Abstraction - hides implementation details and exposes only essential functionality (e.g., driving a car without understanding the engine).",encapsulation|inheritance|polymorphism|abstraction|object|class|OOP,Correctly defines OOP|Explains all four principles|Provides practical examples|Demonstrates understanding beyond memorized definitions,Can you give a real-world example of polymorphism from a project you worked on?|What is the difference between method overloading and overriding?,4-5 minutes,6,"OOP, Fundamentals"
SE003,Software Engineer,Data Structures,Arrays & Linked Lists,Medium,What is the difference between an Array and a Linked List?,"Arrays and linked lists are both linear data structures, but differ in memory organization and performance. Arrays are stored in contiguous memory, support direct O(1) indexed access, often have a fixed size, and offer better cache performance, but insertion/deletion can be expensive due to shifting elements. Linked lists consist of nodes connected via pointers, are not stored contiguously, support efficient O(1) insertion/deletion when the node location is known, and have dynamic size, but require O(n) traversal for access and have poor cache locality. Complexity comparison: Access O(1) vs O(n); Search O(n) vs O(n); Insert at beginning O(n) vs O(1); Delete at beginning O(n) vs O(1).",array|linked list|memory|contiguous|pointer|time complexity|node,Explains memory organization|Compares time complexities|Discusses trade-offs|Mentions practical use cases,When would you choose a linked list over an array?|What is a doubly linked list?,4-5 minutes,6,Data Structures
SE004,Software Engineer,Databases,SQL vs NoSQL,Hard,What is the difference between SQL and NoSQL databases?,"SQL databases are relational databases that store data in tables with predefined schemas (e.g., MySQL, PostgreSQL, SQL Server). NoSQL databases are non-relational and designed for flexibility and scalability (e.g., MongoDB, Cassandra, DynamoDB). SQL characteristics: structured schema, ACID compliance, strong consistency, supports joins and complex queries. NoSQL characteristics: flexible schema, horizontal scalability, high availability, better suited for large distributed systems. Use SQL for financial systems, banking applications, and ERP systems. Use NoSQL for social media applications, real-time analytics, and large-scale distributed platforms.",SQL|NoSQL|relational|schema|ACID|scalability|MongoDB|consistency,Understands relational vs non-relational models|Explains scalability differences|Mentions consistency considerations|Provides real-world examples,What does ACID stand for?|How would you decide between SQL and NoSQL for a new project?,5-6 minutes,7,Databases
SE005,Software Engineer,Backend Development,REST APIs,Hard,Explain REST API.,"REST (Representational State Transfer) is an architectural style for designing web services, allowing communication between clients and servers through HTTP. Common HTTP methods: GET (retrieve data), POST (create data), PUT (update an entire resource), PATCH (partially update a resource), DELETE (remove a resource). REST principles: client-server architecture, stateless communication, uniform interface, cacheability, and layered system. Example: GET /users/5 returns a JSON object like {""id"": 5, ""name"": ""Ahmed""}. Benefits include simplicity, scalability, platform independence, and easy integration.",REST|HTTP methods|stateless|API|GET|POST|endpoint|JSON,Understands HTTP methods|Explains statelessness|Describes API endpoints|Gives practical examples,What is the difference between PUT and PATCH?|What status codes would you return for a failed request?,5-6 minutes,7,"Backend, APIs"
SE006,Software Engineer,Software Development Process,Version Control,Medium,What is Git and why is it important?,"Git is a distributed version control system used to track changes in source code and facilitate collaboration among developers. Key features include version tracking, branching (working on features independently), merging (integrating changes into the main codebase), and collaboration (multiple developers contributing simultaneously). Common commands: git clone, git add, git commit, git push, git pull, git merge, git branch. Importance: prevents code loss, enables teamwork, supports rollback to previous versions, and improves release management.",Git|version control|branching|merging|commit|collaboration,Explains version control clearly|Demonstrates understanding of branches and commits|Mentions collaboration benefits,How do you resolve a merge conflict?|What is the difference between git merge and git rebase?,3-4 minutes,5,"Git, Version Control"
SE007,Software Engineer,Concurrency,Multithreading,Hard,What is Multithreading?,"Multithreading is the ability of a program to execute multiple threads concurrently within the same process. A thread is the smallest unit of execution within a process. Benefits include improved responsiveness, better resource utilization, and increased throughput (e.g., a web server handling multiple client requests simultaneously using separate threads). Challenges include race conditions (multiple threads accessing shared data simultaneously), deadlocks (threads waiting indefinitely for resources), and synchronization issues. Solutions include mutexes, semaphores, locks, and thread-safe data structures.",thread|concurrency|race condition|deadlock|mutex|semaphore|synchronization,Defines threads correctly|Explains advantages|Discusses concurrency risks|Mentions synchronization techniques,What is the difference between a process and a thread?|What is the difference between concurrency and parallelism?,5-6 minutes,8,"Concurrency, Advanced"
SE008,Software Engineer,Software Design,Design Patterns,Hard,What is a Design Pattern?,"Design patterns are proven, reusable solutions to commonly occurring software design problems. They are not complete implementations but templates that guide development. Common patterns: Singleton (ensures only one instance of a class exists, e.g., a database connection manager), Factory (creates objects without specifying exact classes, e.g., creating different notification services), Observer (allows objects to subscribe to events, e.g., notification systems), and Strategy (allows algorithms to be selected dynamically, e.g., different payment methods). Benefits include reusability, maintainability, scalability, and better communication among developers.",design pattern|Singleton|Factory|Observer|Strategy|reusability,Understands purpose of design patterns|Explains at least two patterns correctly|Discusses practical applications,Can you describe a situation where you used a design pattern?|What are the downsides of overusing design patterns?,5-6 minutes,7,Design Patterns
SE009,Software Engineer,Problem Solving,Performance Optimization,Hard,How would you optimize a slow application?,"Optimization should begin with measurement rather than assumptions. Step 1: Identify bottlenecks using profiling tools (CPU profiling, memory profiling, database monitoring). Step 2: Analyze database performance for missing indexes, slow queries, excessive joins, and N+1 query issues. Step 3: Improve algorithms (e.g., replace O(n^2) with O(n log n)). Step 4: Implement caching (Redis, Memcached, application caching). Step 5: Reduce network overhead by compressing responses, minimizing API calls, and using pagination. Step 6: Perform load testing to validate improvements under realistic workloads.",profiling|bottleneck|database indexing|caching|algorithm optimization|load testing,Follows a systematic process|Avoids guessing|Mentions profiling tools|Considers multiple optimization layers,Can you walk me through a specific performance issue you diagnosed and fixed?|How do you decide what to optimize first when resources are limited?,6-8 minutes,9,"Performance, Optimization"
SE010,Software Engineer,Behavioral,Problem Solving,Hard,Describe a challenging bug you solved.,"A strong answer follows the STAR framework. Situation: A production service was intermittently crashing during peak traffic. Task: Identify the root cause and restore stability. Action: Analyzed logs, monitored system metrics, reproduced the issue in staging, found a race condition caused by concurrent updates, and implemented proper synchronization with added tests. Result: Eliminated crashes, improved system reliability, and significantly reduced production incidents.",STAR|debugging|root cause|race condition|production incident,Uses a structured approach|Demonstrates debugging methodology|Shows ownership|Quantifies results where possible,What tools did you use to diagnose the issue?|How did you prevent similar bugs going forward?,4-5 minutes,6,"Debugging, Behavioral"
SE011,Software Engineer,Software Design,SOLID Principles,Hard,What are the SOLID Principles?,"SOLID is a set of five object-oriented design principles that improve code maintainability, scalability, and readability. Single Responsibility Principle: a class should have only one reason to change (e.g., separate classes for user data, email notifications, and logging instead of one). Open/Closed Principle: software entities should be open for extension but closed for modification (e.g., a common Payment interface with separate implementations like CreditCardPayment, PayPalPayment). Liskov Substitution Principle: a subclass should be able to replace its parent without breaking the application (e.g., Penguin should not inherit from Bird if Bird has a fly() method). Interface Segregation Principle: clients should not be forced to implement methods they do not use (e.g., smaller interfaces like Printable, Scannable instead of one large interface). Dependency Inversion Principle: high-level modules should depend on abstractions, not concrete implementations (e.g., NotificationService depending on a Notification interface).",SOLID|single responsibility|open closed|Liskov substitution|interface segregation|dependency inversion,Explains all five principles|Provides practical examples|Shows understanding of maintainability|Demonstrates knowledge beyond memorized definitions,Can you give an example from your own code where you applied SRP?|What problems arise when SOLID principles are violated?,6-7 minutes,8,"SOLID, Software Design"
SE012,Software Engineer,System Design,Architecture,Hard,What is the difference between Monolithic and Microservices Architecture?,"A monolithic application is built as one single deployable unit. Advantages: easier to develop initially, simpler deployment, easier debugging in small projects. Disadvantages: difficult to scale individual components, large codebase becomes harder to maintain, one failure may affect the whole system. Microservices architecture divides an application into multiple independent services, each often with its own database, deployable independently, and communicating via APIs or messaging systems. Advantages: independent deployment, better scalability, technology flexibility, fault isolation. Disadvantages: more complex infrastructure, distributed system challenges, service communication overhead. Monoliths suit small startups and simple applications; microservices suit large organizations and high-traffic systems.",monolith|microservices|scalability|deployment|fault isolation|distributed systems,Explains architecture differences|Discusses trade-offs|Mentions scalability and deployment|Understands distributed system challenges,What challenges have you faced with service-to-service communication?|When would you migrate a monolith to microservices?,6-7 minutes,8,"System Design, Architecture"
SE013,Software Engineer,Backend Performance,Caching,Hard,Explain Caching.,"Caching stores frequently accessed data in faster storage to reduce response time and database load, resulting in faster responses, reduced database queries, lower server load, and better user experience. Types include browser cache (stores static assets on the user's device), application cache (stores computed results within the application), and distributed cache such as Redis or Memcached, shared across multiple servers. Cache strategies: Cache Aside (check cache first, then read database and store in cache if missing), Write Through (updates cache and database simultaneously), and Write Back (updates cache immediately, database later). Common problems include cache invalidation, stale data, and cache stampede.",cache|Redis|Memcached|cache aside|write through|invalidation|stale data,Explains why caching improves performance|Knows common cache strategies|Mentions Redis or Memcached|Understands cache consistency issues,How would you handle cache invalidation for frequently updated data?|Where in a system's architecture would you introduce caching?,5-6 minutes,7,"Caching, Performance"
SE014,Software Engineer,Security,AuthN/AuthZ,Hard,Explain Authentication vs Authorization.,"Authentication verifies who the user is (e.g., username/password, fingerprint, face recognition, OTP). Authorization determines what the authenticated user is allowed to do (e.g., an admin can delete users, a customer can view only their own orders). Authentication happens first: the user logs in, identity is verified, then permissions are checked. Common authentication technologies include JWT, OAuth, and OpenID Connect; common authorization approaches include RBAC (Role-Based Access Control) and ABAC (Attribute-Based Access Control).",authentication|authorization|JWT|OAuth|RBAC|ABAC,Clearly distinguishes the two concepts|Mentions practical examples|Understands role-based permissions,What is the difference between JWT and session-based authentication?|What is OAuth used for?,4-5 minutes,6,Security
SE015,Software Engineer,DevOps,CI/CD,Hard,What is CI/CD?,"CI/CD stands for Continuous Integration and Continuous Deployment (or Delivery). Continuous Integration: developers frequently merge code into a shared repository, and each commit automatically triggers a build, unit tests, and static analysis to detect issues early. Continuous Delivery: software is always ready for deployment, but deployment is performed manually. Continuous Deployment: every successful build is automatically deployed to production. Benefits include faster releases, better software quality, reduced integration problems, and more reliable deployments. Common tools: GitHub Actions, Jenkins, GitLab CI, Azure DevOps, and CircleCI.",CI/CD|continuous integration|continuous deployment|pipeline|automation|Jenkins,Explains CI and CD separately|Understands automated pipelines|Mentions testing within CI/CD,What does a typical CI/CD pipeline look like at your previous company?|What is the difference between continuous delivery and continuous deployment?,5-6 minutes,7,"DevOps, CI/CD"
SE016,Software Engineer,Testing,Software Testing,Hard,What types of software testing do you know?,"Unit Testing tests individual functions or classes (e.g., a login validation function). Integration Testing tests interaction between modules (e.g., an API communicating with a database). System Testing tests the complete application. Acceptance Testing confirms the application meets business requirements, usually before release. Regression Testing ensures new changes do not break existing functionality. Performance Testing measures speed, scalability, and stability. Load Testing evaluates the system under expected traffic. Stress Testing pushes the application beyond expected limits.",unit testing|integration testing|regression testing|load testing|stress testing|acceptance testing,Knows different testing levels|Explains objectives|Mentions automation if possible,What testing frameworks have you used?|What is test coverage and how much is enough?,5-6 minutes,6,"Testing, QA"
SE017,Software Engineer,System Design,System Design,Hard,How would you design a URL Shortener like Bit.ly?,"The system should accept a long URL, generate a unique short code, store the mapping, and redirect users quickly. Components: Client -> API Server -> Database -> Cache (Redis). Considerations include unique ID generation, Base62 encoding, database indexing, caching popular URLs, high availability, analytics, and rate limiting. Scaling approaches include load balancers, multiple application servers, database replication, and a CDN for redirects.",URL shortener|system design|Base62|caching|load balancing|database replication|scalability,Thinks systematically|Discusses scalability|Mentions caching|Considers database design,How would you handle collisions in short code generation?|How would you ensure the system remains available if the database goes down?,10-12 minutes,10,"System Design, Senior"
SE018,Software Engineer,Security,API Security,Hard,How do you secure a REST API?,"Security involves multiple layers. Authentication using JWT or OAuth2. Authorization via Role-Based Access Control. HTTPS to encrypt communication using TLS. Input validation to prevent SQL injection, XSS, and command injection. Rate limiting to protect against abuse and brute-force attacks. Logging to monitor suspicious activity. Secrets management to avoid hardcoding passwords, API keys, or tokens, using secure secret management services instead.",HTTPS|JWT|OAuth2|RBAC|rate limiting|SQL injection|XSS|secrets management,Mentions HTTPS|Understands authentication|Knows common attack vectors|Explains defense mechanisms,How would you protect an API against brute-force login attempts?|How do you manage secrets in a CI/CD pipeline?,6-8 minutes,8,"Security, APIs"
SE019,Software Engineer,Cloud,Cloud Computing,Hard,What is Cloud Computing?,"Cloud computing provides computing resources over the internet instead of local infrastructure. Service models: IaaS provides virtual machines (e.g., AWS EC2), PaaS provides a platform for deploying applications (e.g., Google App Engine), and SaaS provides complete software (e.g., Gmail, Microsoft 365). Benefits include scalability, high availability, pay-as-you-go pricing, and global deployment. Major providers include AWS, Microsoft Azure, and Google Cloud Platform.",cloud computing|IaaS|PaaS|SaaS|AWS|Azure|GCP|scalability,Explains cloud concepts|Knows service models|Mentions business benefits,What is the difference between IaaS and PaaS?|What are the trade-offs of cloud versus on-premise infrastructure?,4-5 minutes,6,Cloud
SE020,Software Engineer,Behavioral,Project Experience,Hard,Describe a software project you are most proud of.,"A strong response should follow the STAR framework. Situation: describe the project and its purpose. Task: explain your responsibilities. Action: detail the technologies used, challenges faced, architectural decisions, collaboration with the team, testing approach, and deployment process. Result: quantify the outcome whenever possible, such as reduced response time by 35%, increased user engagement by 20%, automated a manual process saving hours per week, or improved system reliability and reduced production issues. The candidate should also reflect on lessons learned and how they would improve the project given another opportunity.",STAR|project experience|impact|collaboration|results,Clearly explains the project's purpose and their role|Describes technical decisions and challenges|Quantifies results where possible|Reflects on lessons learned,What would you do differently if you started the project again?|How did you measure the success of the project?,5-6 minutes,7,"Behavioral, Projects"
SE021,Software Engineer,Database,Database Indexing,Hard,What is Database Indexing?,"A database index is a data structure that improves the speed of data retrieval operations by allowing the database engine to locate records without scanning the entire table. Without an index, the database performs a full table scan. With an index, it can quickly locate required rows. Common types: Primary Index, Secondary Index, Composite Index, Unique Index. Advantages: faster SELECT queries, improved filtering, sorting, and joins. Disadvantages: increased storage requirements, slower INSERT/UPDATE/DELETE operations because indexes must also be updated. Example: If a Users table has one million records and queries frequently search by email, creating an index on the email column significantly reduces query time.",index|full table scan|primary index|composite index|query performance,Explains the purpose of indexing|Discusses benefits and trade-offs|Mentions common index types|Provides a practical example,How would you decide which columns to index?|What is the downside of over-indexing a table?,5-6 minutes,7,"Databases, Performance"
SE022,Software Engineer,Distributed Systems,CAP Theorem,Hard,What is the CAP Theorem?,"The CAP Theorem states that a distributed system can guarantee only two of the following three properties simultaneously: Consistency (every client receives the same, most recent data), Availability (every request receives a response, even if the data is not the latest), and Partition Tolerance (the system continues to operate despite communication failures between nodes). Since network partitions are inevitable in distributed systems, a system typically chooses between CP (Consistency + Partition Tolerance, prioritizing accurate data, possibly sacrificing availability) and AP (Availability + Partition Tolerance, prioritizing uptime, allowing temporary data inconsistency).",CAP theorem|consistency|availability|partition tolerance|distributed systems|CP|AP,Defines all three CAP properties|Explains why all three cannot be guaranteed simultaneously|Provides examples of CP and AP systems,Can you name a real-world system that is CP versus AP?|How does eventual consistency relate to the CAP theorem?,7-8 minutes,9,"Distributed Systems, Senior"
SE023,Software Engineer,Databases,ACID vs BASE,Hard,Explain ACID vs BASE.,"ACID is used primarily in relational databases: Atomicity (transactions complete fully or not at all), Consistency (the database remains in a valid state), Isolation (concurrent transactions do not interfere), Durability (committed data is permanently stored). BASE is commonly used in distributed NoSQL databases: Basically Available (the system remains available), Soft State (data may change over time), Eventually Consistent (data becomes consistent after propagation). Use cases: ACID suits banking, payment systems, and inventory management; BASE suits social media, analytics, and recommendation systems.",ACID|BASE|atomicity|consistency|isolation|durability|eventual consistency,Correctly explains ACID and BASE|Compares their strengths|Identifies suitable use cases,Can you give an example where you chose an eventually consistent system over a strongly consistent one?|How does isolation level affect performance?,6-7 minutes,8,"Databases, Distributed Systems"
SE024,Software Engineer,Concurrency,Deadlocks,Hard,What is a Deadlock?,"A deadlock occurs when two or more processes or threads wait indefinitely for resources held by each other. Example: Thread A locks Resource 1 and waits for Resource 2, while Thread B locks Resource 2 and waits for Resource 1 - neither thread can continue. Ways to prevent deadlocks: acquire locks in a consistent order, reduce lock duration, use timeouts, avoid unnecessary locking, and detect and recover from deadlocks.",deadlock|lock ordering|timeout|thread|resource contention,Defines deadlock accurately|Explains a real scenario|Suggests prevention techniques,Have you encountered a deadlock in production? How did you resolve it?|What tools can help detect deadlocks?,5-6 minutes,7,Concurrency
SE025,Software Engineer,System Design,Message Queues,Hard,What is a Message Queue?,"A message queue enables asynchronous communication between services. Instead of one service waiting for another to finish processing, it places a message in a queue, and another service processes it later. Common technologies: Apache Kafka, RabbitMQ, Amazon SQS, Azure Service Bus. Benefits: loose coupling between services, better scalability, improved fault tolerance, and the ability to handle traffic spikes. Example: When an e-commerce customer places an order, separate services can asynchronously process payment, inventory updates, and email notifications.",message queue|Kafka|RabbitMQ|asynchronous|SQS|loose coupling,Explains asynchronous communication|Mentions common messaging systems|Discusses scalability and reliability,What is the difference between a message queue and a pub/sub system?|How do you handle message ordering or duplicate processing?,6-7 minutes,8,"System Design, Messaging"
SE026,Software Engineer,DevOps,Docker,Hard,"What is Docker, and why is it used?","Docker is a platform for packaging applications and their dependencies into lightweight, portable containers, ensuring an application runs consistently across different environments. Advantages: environment consistency, faster deployment, lightweight compared to virtual machines, simplified dependency management, and easy scaling. Common Docker components: Docker Image, Docker Container, Dockerfile, Docker Compose.",Docker|container|Dockerfile|image|Docker Compose,Defines Docker correctly|Explains containers|Mentions key benefits and components,What is the difference between a Docker image and a container?|How do containers differ from virtual machines?,5-6 minutes,6,"DevOps, Docker"
SE027,Software Engineer,DevOps/Cloud,Kubernetes,Hard,What is Kubernetes?,"Kubernetes is a container orchestration platform used to deploy, scale, and manage containerized applications. Key features: automatic scaling, load balancing, self-healing (restarts failed containers), rolling updates, and service discovery. Core components: Pods, Nodes, Deployments, Services, ConfigMaps, Secrets.",Kubernetes|orchestration|pods|nodes|deployments|self-healing,Explains Kubernetes' role|Understands orchestration concepts|Mentions major Kubernetes components,How does Kubernetes handle a failed pod?|What is the difference between a Deployment and a Service in Kubernetes?,7-8 minutes,8,"DevOps, Kubernetes, Senior"
SE028,Software Engineer,Operations/Monitoring,Application Monitoring,Hard,How do you monitor a production application?,"Monitoring involves continuously tracking the application's health and performance. Metrics to monitor include CPU usage, memory usage, disk utilization, network latency, error rates, response times, throughput, and database performance. Logging involves collecting structured logs for debugging and auditing. Alerting involves configuring alerts for critical thresholds. Common tools: Prometheus, Grafana, ELK Stack (Elasticsearch, Logstash, Kibana), Datadog, New Relic.",monitoring|Prometheus|Grafana|ELK stack|logging|alerting,Mentions monitoring metrics|Discusses logging and alerting|Identifies commonly used monitoring tools,"How would you set up alerting thresholds for a critical service?|What is the difference between logging, metrics, and tracing?",6-7 minutes,7,"Monitoring, Operations"
SE029,Software Engineer,Software Engineering Best Practices,Code Review,Hard,How do you perform a Code Review?,"A code review aims to improve code quality, maintainability, and knowledge sharing. Checklist: correctness, readability, maintainability, security, performance, error handling, test coverage, coding standards, and documentation. A reviewer should provide constructive feedback and focus on improving the code rather than criticizing the developer.",code review|readability|maintainability|test coverage|constructive feedback,Understands the objectives of code reviews|Mentions both technical and collaborative aspects|Demonstrates awareness of quality standards,How do you handle disagreements during a code review?|What do you do when a reviewer and author can't agree on an approach?,5-6 minutes,6,"Best Practices, Code Review"
SE030,Software Engineer,Leadership/Behavioral,Mentoring,Hard,How do you mentor junior developers?,"Effective mentoring involves both technical guidance and professional development. A senior engineer should explain concepts clearly, encourage independent problem-solving, conduct regular code reviews, share best practices, help juniors set learning goals, provide constructive feedback, and foster collaboration and continuous learning. A good mentor balances support with opportunities for juniors to solve problems on their own, helping them build confidence and technical competence.",mentoring|coaching|feedback|leadership|professional development,Demonstrates leadership skills|Shows a collaborative mindset|Emphasizes coaching rather than simply giving answers|Highlights the importance of continuous learning,Can you describe a time you mentored someone through a difficult technical challenge?|How do you balance giving answers versus letting juniors struggle productively?,5-6 minutes,7,"Leadership, Mentoring"
TCH001,Teacher,Behavioral,Self-Introduction & Communication,Easy,Tell me about yourself and why you chose teaching as a career.,"A strong candidate should introduce themselves professionally by summarizing their educational background, teaching experience (or training), and passion for education. They should explain why they chose teaching, emphasizing their desire to help students learn, grow, and achieve their goals. The answer should also mention relevant teaching skills, such as communication, patience, adaptability, and continuous learning.",Teaching passion|Education|Communication|Student development|Motivation,Gives a clear professional introduction|Explains motivation for becoming a teacher|Demonstrates enthusiasm for education|Connects personal strengths to teaching,What inspired you to become a teacher?|What do you enjoy most about teaching?,2-3 minutes,5,"Behavioral, Introduction"
TCH002,Teacher,Teaching Methodology,Lesson Planning,Hard,How do you prepare a lesson before entering the classroom?,"A well-prepared teacher starts by identifying clear learning objectives aligned with the curriculum. They assess students' prior knowledge, prepare engaging instructional materials, choose appropriate teaching methods, anticipate possible questions, and plan activities that encourage participation. They also prepare assessment methods to evaluate whether students achieved the lesson objectives.",Lesson objectives|Curriculum|Activities|Assessment|Preparation,Defines lesson objectives|Describes structured lesson planning|Includes student engagement|Mentions assessment,How do you adjust your lesson if students don't understand?|How do you keep students engaged?,3-4 minutes,7,"Teaching Methodology, Lesson Planning"
TCH003,Teacher,Classroom Management,Discipline,Hard,How do you handle disruptive students during class?,"An effective teacher remains calm and professional. They establish clear classroom rules from the beginning, address disruptive behavior respectfully, identify possible causes of the behavior, and apply consistent consequences when necessary. The teacher should avoid embarrassing students publicly and instead focus on maintaining a positive learning environment while supporting the student's improvement.",Classroom management|Respect|Rules|Positive discipline|Professionalism,Maintains professionalism|Uses positive discipline|Focuses on solving behavior rather than punishment|Supports a positive classroom environment,What if the behavior continues?|How would you involve parents?,3 minutes,8,"Classroom Management, Discipline"
TCH004,Teacher,Teaching Methodology,Student Engagement,Hard,How do you motivate students who are not interested in learning?,"A strong teacher identifies the reasons behind students' lack of motivation and adapts teaching methods to their interests and learning styles. They use interactive activities, real-life examples, group work, educational technology, positive reinforcement, and achievable goals to increase engagement. Building positive relationships with students also plays an important role in motivating them.",Motivation|Active learning|Engagement|Positive reinforcement|Learning styles,Identifies causes of low motivation|Suggests multiple engagement strategies|Demonstrates student-centered thinking,Can you give an example of a student you successfully re-engaged?|How do you measure whether a motivation strategy is working?,3-4 minutes,7,"Teaching Methodology, Engagement"
TCH005,Teacher,Assessment,Student Evaluation,Hard,How do you assess whether students have understood a lesson?,"Assessment should be continuous and use multiple methods, including classroom discussions, quizzes, assignments, projects, observations, and questioning techniques. A teacher should analyze assessment results to identify learning gaps and adjust future lessons accordingly.",Assessment|Feedback|Quiz|Observation|Learning outcomes,Uses multiple assessment methods|Connects assessment to lesson improvement|Focuses on student understanding,What do you do when most students perform poorly on an assessment?|How do you differentiate assessment for students at different levels?,3-4 minutes,7,Assessment
TCH006,Teacher,Communication,Parent Communication,Hard,How would you communicate with parents about a student's poor performance?,"The teacher should communicate respectfully and professionally, focusing on facts rather than opinions. They should explain the student's strengths as well as areas for improvement, provide specific examples, listen to parents' perspectives, and collaborate on an action plan to support the student's progress.",Parents|Communication|Collaboration|Student support,Demonstrates professionalism|Encourages collaboration|Focuses on solutions,How do you handle a parent who becomes defensive or upset?|How often do you communicate with parents about student progress?,3-4 minutes,7,"Communication, Parents"
TCH007,Teacher,Behavioral,Adaptability,Hard,Describe a time when a lesson did not go as planned. What did you do?,"The candidate should describe the situation, explain why the lesson was unsuccessful, describe the adjustments made during or after the lesson, and explain what they learned from the experience. Strong answers demonstrate flexibility, problem-solving, and reflective practice.",Adaptability|Reflection|Problem solving|Flexibility,Uses a structured example|Demonstrates adaptability|Explains lessons learned,How do you decide when to abandon a lesson plan mid-class?|What would you do differently next time?,3-4 minutes,7,"Behavioral, Adaptability"
TCH008,Teacher,Teaching Methodology,Technology Integration,Easy,How do you use technology in your classroom?,"Technology should enhance learning rather than replace good teaching. Teachers may use presentation software, interactive whiteboards, learning management systems, educational videos, quizzes, online collaboration tools, and AI-powered educational platforms to improve engagement and personalize learning.",Educational technology|LMS|Interactive learning|AI tools,Demonstrates familiarity with educational technology|Explains educational benefits|Gives practical examples,Which educational apps or platforms have you used?|How do you handle students without reliable access to technology at home?,2-3 minutes,5,"Technology, Teaching Methodology"
TCH009,Teacher,Classroom Management,Inclusive Education,Hard,How would you support students with different learning abilities in the same classroom?,"A teacher should differentiate instruction by adapting teaching methods, activities, and assessments to meet students' individual needs. They should provide additional support where necessary, encourage peer collaboration, and create an inclusive classroom where every student feels respected and capable of learning.",Differentiated instruction|Inclusion|Individual learning needs,Understands inclusive education|Uses differentiated teaching|Supports all learners,How do you work with a student who has an IEP or learning accommodation?|How do you balance the needs of advanced and struggling students in the same class?,3-4 minutes,8,"Inclusion, Classroom Management"
TCH010,Teacher,Ethics,Professional Responsibility,Medium,What qualities make an excellent teacher?,"An excellent teacher combines subject knowledge with strong communication, patience, empathy, classroom management, adaptability, organization, fairness, professionalism, and a commitment to lifelong learning. They continuously reflect on their teaching practices and strive to create a positive learning environment where every student can succeed.",Professionalism|Communication|Patience|Fairness|Lifelong learning,Identifies essential teaching qualities|Demonstrates understanding of professional ethics|Emphasizes student success and continuous improvement,"Which of these qualities do you consider your strongest?|Which quality do you find most challenging to maintain, and why?",3 minutes,6,"Ethics, Professional Qualities"
TCH011,Teacher,Teaching Methodology,Differentiated Instruction,Hard,How do you adapt your teaching methods for students with different learning styles?,"An effective teacher recognizes that students learn in different ways and adapts instruction accordingly. They may combine visual aids, verbal explanations, hands-on activities, group discussions, and digital resources to accommodate diverse learning preferences. The teacher regularly assesses student understanding and modifies instruction when necessary to ensure all students have equal opportunities to succeed.",Differentiated instruction|Learning styles|Adaptability|Student-centered learning,Understands diverse learning needs|Uses multiple teaching strategies|Focuses on student success|Demonstrates flexibility,Can you give an example from your teaching experience?|How do you evaluate whether your approach is effective?,3-4 minutes,8,"Teaching, Inclusion"
TCH012,Teacher,Assessment,Constructive Feedback,Hard,How do you provide constructive feedback to students?,"Constructive feedback should be timely, specific, respectful, and focused on improvement. A teacher should acknowledge students' strengths before discussing areas for development. Feedback should include practical suggestions that help students understand how they can improve rather than simply identifying mistakes.",Feedback|Improvement|Positive reinforcement|Student growth,Provides balanced feedback|Focuses on improvement|Encourages student confidence,How do you deliver feedback to a student who is easily discouraged?|How do you make sure feedback leads to actual improvement?,3-4 minutes,7,"Assessment, Feedback"
TCH013,Teacher,Classroom Management,Conflict Resolution,Hard,How would you handle a conflict between two students?,"The teacher should remain neutral, listen carefully to both students, identify the root cause of the conflict, encourage respectful communication, and help students find a fair solution. The teacher should reinforce classroom expectations and monitor future interactions to prevent similar issues.",Conflict resolution|Communication|Fairness|Respect,Maintains neutrality|Encourages respectful communication|Resolves conflicts constructively,What would you do if the conflict continued after your intervention?|When would you involve a parent or school counselor?,3-4 minutes,7,"Classroom Management, Conflict Resolution"
TCH014,Teacher,Problem Solving,Time Management,Medium,"How do you manage your time when you have multiple responsibilities such as teaching, grading, and lesson planning?","A strong teacher prioritizes tasks based on deadlines and importance, uses planning tools or calendars, prepares lessons in advance, sets realistic goals, and allocates dedicated time for grading and administrative work. Effective time management helps maintain teaching quality while avoiding burnout.",Planning|Prioritization|Organization|Productivity,Demonstrates organizational skills|Explains prioritization|Shows realistic planning,What tools do you use to stay organized?|How do you avoid burnout during busy periods?,3 minutes,6,"Time Management, Organization"
TCH015,Teacher,Behavioral,Professional Development,Easy,How do you keep your teaching knowledge and skills up to date?,"Teachers should engage in continuous professional development by attending workshops, completing online courses, reading educational research, collaborating with colleagues, participating in professional learning communities, and reflecting on classroom experiences to improve their teaching practices.",Professional development|Lifelong learning|Training|Reflection,Values continuous learning|Mentions multiple learning methods|Demonstrates growth mindset,What is the most recent training or course you completed?|How do you apply what you learn to your classroom?,2-3 minutes,5,Professional Development
TCH016,Teacher,Ethics,Fairness,Hard,How do you ensure fairness when grading students?,"A teacher should use clear grading criteria, assess students consistently, avoid personal bias, provide equal opportunities for success, and explain grading decisions when necessary. Rubrics and standardized assessment methods help ensure fairness and transparency.",Fairness|Rubrics|Transparency|Consistency,Uses objective criteria|Demonstrates fairness|Understands assessment ethics,How do you handle a student or parent who disputes a grade?|How do you make sure a rubric is applied consistently across all students?,3 minutes,7,"Ethics, Assessment"
TCH017,Teacher,Communication,Collaboration,Easy,How do you collaborate with other teachers?,"Teachers collaborate by sharing lesson plans, discussing student progress, exchanging teaching strategies, participating in department meetings, and supporting school-wide initiatives. Collaboration improves instructional quality and creates a consistent learning experience for students.",Teamwork|Collaboration|Professional communication,Values teamwork|Shares knowledge|Supports colleagues,Can you describe a successful collaboration with a colleague?|How do you handle disagreements with fellow teachers about teaching approaches?,2-3 minutes,5,"Collaboration, Teamwork"
TCH018,Teacher,Problem Solving,Decision Making,Hard,What would you do if most students failed an exam?,"The teacher should first analyze the assessment to determine whether the questions were appropriate and aligned with the learning objectives. They should review student performance to identify common misconceptions, reteach difficult concepts, provide additional practice opportunities, and adjust future instruction if necessary. The teacher should take responsibility for improving learning rather than simply blaming students.",Assessment analysis|Reflection|Improvement|Student support,Analyzes the root cause|Demonstrates accountability|Plans corrective actions,How would you communicate this situation to parents or administration?|How would you redesign the assessment to better measure understanding?,4-5 minutes,8,"Problem Solving, Assessment"
TCH019,Teacher,Classroom Management,Student Engagement,Hard,How do you create a positive classroom environment?,"A positive classroom environment is built on mutual respect, clear expectations, inclusiveness, encouragement, and active student participation. The teacher should establish consistent routines, celebrate achievements, encourage collaboration, and ensure every student feels safe, respected, and valued.",Positive environment|Respect|Inclusion|Engagement,Promotes respect|Encourages participation|Builds an inclusive classroom culture,How do you handle a student who feels excluded by their peers?|What routines have you found most effective for building a positive classroom culture?,3-4 minutes,7,"Classroom Management, Culture"
TCH020,Teacher,Behavioral,Teaching Philosophy,Medium,What is your teaching philosophy?,"A strong teaching philosophy emphasizes that every student has the ability to learn when provided with the appropriate support, encouragement, and opportunities. The teacher should describe their commitment to creating an engaging, inclusive, and respectful learning environment, fostering critical thinking, encouraging curiosity, and continuously improving their own teaching practices to meet students' needs.",Teaching philosophy|Student-centered learning|Inclusion|Critical thinking|Continuous improvement,Clearly expresses educational values|Focuses on student success|Demonstrates professionalism|Reflects commitment to continuous improvement,How has your teaching philosophy evolved over time?|How does your philosophy shape your daily classroom decisions?,3-4 minutes,6,"Behavioral, Teaching Philosophy"
NUR001,Nurse,Behavioral,Self-Introduction & Communication,Easy,Tell me about yourself and why you chose nursing as a career.,"A strong candidate should introduce their educational background, nursing qualifications, clinical experience, and motivation for becoming a nurse. They should emphasize compassion, patient care, teamwork, and their commitment to improving patients' health and well-being. The response should also demonstrate professionalism and a willingness to continue learning.",Nursing|Patient care|Compassion|Communication|Professionalism,Provides a structured introduction|Explains motivation for nursing|Demonstrates empathy and professionalism|Highlights relevant experience,What do you enjoy most about nursing?|What area of nursing interests you the most?,2-3 minutes,5,"Behavioral, Introduction"
NUR002,Nurse,Clinical Knowledge,Patient Assessment,Hard,What are the first steps you take when assessing a new patient?,"The nurse should introduce themselves, verify the patient's identity using approved identification methods, assess the patient's vital signs, review their medical history, current medications, allergies, pain level, and chief complaint. They should observe the patient's physical and emotional condition, document findings accurately, and report any urgent concerns to the healthcare team.",Patient assessment|Vital signs|Medical history|Documentation|Safety,Follows a systematic assessment process|Prioritizes patient safety|Mentions documentation|Recognizes urgent conditions,What would you do if you identified an abnormal vital sign?|How do you verify patient identity in your facility?,3-4 minutes,8,"Clinical Knowledge, Assessment"
NUR003,Nurse,Patient Safety,Medication Administration,Hard,"What are the ""Five Rights"" of medication administration?","The Five Rights are: Right Patient, Right Medication, Right Dose, Right Route, Right Time. Many healthcare organizations also emphasize additional rights such as right documentation, right reason, right response, and the patient's right to refuse medication. Following these principles helps reduce medication errors and improve patient safety.",Medication safety|Five Rights|Patient safety|Documentation,Correctly identifies the Five Rights|Explains their importance|Demonstrates commitment to safe practice,What would you do if you discovered a medication error after administration?|How do you double-check a high-risk medication?,3-4 minutes,8,"Patient Safety, Medication"
NUR004,Nurse,Infection Control,Infection Prevention,Easy,Why is hand hygiene important in nursing practice?,"Hand hygiene is one of the most effective ways to prevent healthcare-associated infections. Nurses should perform hand hygiene before and after patient contact, before aseptic procedures, after exposure to bodily fluids, after touching patient surroundings, and whenever hands are visibly soiled, following hospital protocols and WHO recommendations.",Hand hygiene|Infection control|Patient safety|WHO,Explains importance of hand hygiene|Identifies appropriate situations|Understands infection prevention,What are the WHO's 5 moments for hand hygiene?|What would you do if you saw a colleague skip hand hygiene?,2-3 minutes,5,Infection Control
NUR005,Nurse,Emergency Care,Critical Thinking,Hard,What would you do if a patient suddenly became unconscious?,"The nurse should ensure scene safety, assess responsiveness, call for assistance immediately, activate the emergency response system according to hospital policy, assess airway, breathing, and circulation (ABC), begin appropriate emergency interventions such as CPR if indicated, monitor vital signs, and document all actions taken while communicating effectively with the healthcare team.",Emergency response|ABC|CPR|Patient safety|Teamwork,Prioritizes patient safety|Follows emergency procedures|Demonstrates clinical judgment,What is your role versus the rest of the code team during a resuscitation?|How do you stay calm during a high-stress emergency?,3-4 minutes,9,Emergency Care
NUR006,Nurse,Communication,Patient Communication,Medium,How would you communicate with an anxious patient?,"The nurse should remain calm, listen actively, speak clearly and respectfully, explain procedures in simple language, answer questions honestly, acknowledge the patient's concerns, and provide reassurance without making unrealistic promises. Compassion and empathy are essential to building trust.",Empathy|Active listening|Communication|Patient-centered care,Demonstrates empathy|Uses effective communication|Builds patient trust,How would you handle a patient who refuses treatment out of fear?|What techniques do you use to calm an anxious patient?,2-3 minutes,6,Communication
NUR007,Nurse,Teamwork,Collaboration,Medium,Why is teamwork important in healthcare?,"Healthcare relies on collaboration among nurses, physicians, pharmacists, therapists, and other professionals. Effective teamwork improves patient safety, reduces medical errors, enhances communication, supports efficient decision-making, and contributes to better patient outcomes.",Teamwork|Collaboration|Patient safety|Communication,Understands multidisciplinary care|Recognizes benefits of teamwork|Focuses on patient outcomes,Can you describe a time teamwork improved a patient outcome?|How do you handle disagreements with other members of the care team?,3 minutes,6,Teamwork
NUR008,Nurse,Ethics,Confidentiality,Hard,How do you protect patient confidentiality?,"Patient information should only be shared with authorized healthcare professionals involved in the patient's care. Nurses should follow privacy regulations and hospital policies, avoid discussing patient information in public areas, protect electronic health records, and respect patient privacy at all times.",Confidentiality|Privacy|Medical records|Ethics,Understands confidentiality principles|Protects patient information|Demonstrates ethical practice,What would you do if a family member asked for information without the patient's consent?|How do you handle patient records on shared computer systems?,3 minutes,7,"Ethics, Confidentiality"
NUR009,Nurse,Problem Solving,Prioritization,Hard,How do you prioritize care when several patients need attention at the same time?,"The nurse should prioritize patients based on the severity and urgency of their conditions, using clinical judgment and established prioritization frameworks such as ABC (Airway, Breathing, Circulation). Life-threatening situations should always receive immediate attention, while less urgent needs can be managed afterward. Effective communication and delegation also support safe patient care.",Prioritization|ABC|Critical thinking|Delegation,Prioritizes correctly|Uses clinical reasoning|Demonstrates decision-making skills,Can you walk me through a time you had to triage multiple patients at once?|How do you decide what tasks to delegate versus handle yourself?,4-5 minutes,9,"Problem Solving, Prioritization"
NUR010,Nurse,Professional Development,Continuous Learning,Easy,How do you keep your nursing knowledge and clinical skills up to date?,"A professional nurse maintains competence by attending continuing education programs, participating in workshops, reviewing evidence-based practice guidelines, completing certifications, reading medical literature, and learning from experienced colleagues. Continuous learning ensures safe, high-quality patient care.",Continuing education|Evidence-based practice|Professional development,Values lifelong learning|Mentions evidence-based practice|Demonstrates commitment to professional growth,What certifications do you currently hold or plan to pursue?|How do you apply evidence-based practice in your daily work?,2-3 minutes,5,Professional Development
NUR011,Nurse,Clinical Knowledge,Pain Assessment,Hard,How do you assess a patient's pain?,"Pain assessment should be systematic and patient-centered. The nurse should ask the patient to describe the pain using a standardized pain scale (such as 0-10), determine the location, intensity, duration, quality, and factors that worsen or relieve the pain. The nurse should also observe non-verbal signs of pain, especially in patients who cannot communicate effectively, document the findings, and reassess after interventions.",Pain scale|Assessment|Documentation|Reassessment,Uses standardized pain assessment|Considers verbal and non-verbal indicators|Documents findings accurately|Reassesses after treatment,Which pain scales have you used?|How would you assess pain in a child or unconscious patient?,3-4 minutes,8,Clinical Assessment
NUR012,Nurse,Infection Control,Personal Protective Equipment (PPE),Easy,When should nurses use Personal Protective Equipment (PPE)?,"Nurses should wear appropriate PPE whenever there is a risk of exposure to blood, body fluids, infectious materials, or airborne pathogens. The type of PPE depends on the situation and may include gloves, masks, gowns, face shields, or eye protection. PPE should be used correctly and disposed of according to infection control guidelines.",PPE|Gloves|Masks|Infection prevention|Safety,Understands PPE use|Selects appropriate equipment|Follows infection control procedures,What is the correct order for donning and doffing PPE?|How would you handle a PPE shortage during a high-risk procedure?,2-3 minutes,5,"Infection Control, PPE"
NUR013,Nurse,Emergency Care,CPR Knowledge,Hard,What would you do if a patient has no pulse and is not breathing?,"The nurse should immediately activate the emergency response system, begin high-quality CPR according to current clinical guidelines, request an Automated External Defibrillator (AED) if available, continue resuscitation efforts until advanced medical support arrives, and work closely with the resuscitation team while documenting events accurately.",CPR|AED|Emergency response|Cardiac arrest,Recognizes cardiac arrest|Initiates CPR promptly|Activates emergency response|Demonstrates teamwork,How often do you recertify your CPR/BLS training?|What is your role once the code team arrives?,3-4 minutes,9,"Emergency Care, CPR"
NUR014,Nurse,Documentation,Medical Documentation,Medium,Why is accurate documentation important in nursing?,"Accurate documentation ensures continuity of care, supports communication among healthcare professionals, provides legal protection, improves patient safety, and creates a reliable medical record. Documentation should be timely, objective, complete, and factual.",Documentation|Patient safety|Legal record|Communication,Understands the importance of documentation|Mentions legal and clinical purposes|Emphasizes accuracy and timeliness,What would you do if you noticed an error in a previous entry?|How do you ensure documentation stays objective rather than subjective?,3 minutes,6,Documentation
NUR015,Nurse,Behavioral,Stress Management,Hard,How do you handle stressful situations during a busy shift?,"An effective nurse remains calm, prioritizes tasks based on patient needs, communicates effectively with colleagues, asks for assistance when necessary, and focuses on delivering safe patient care. After the shift, they reflect on the experience and use healthy coping strategies to manage stress and prevent burnout.",Stress management|Prioritization|Teamwork|Resilience,Maintains professionalism under pressure|Prioritizes effectively|Demonstrates resilience|Uses healthy coping strategies,Can you describe your most stressful shift and how you handled it?|What do you do outside of work to prevent burnout?,3-4 minutes,7,"Behavioral, Stress Management"
NUR016,Nurse,Ethics,Professional Ethics,Hard,What would you do if you noticed a colleague making a medication error?,"Patient safety is the highest priority. The nurse should take immediate action to protect the patient, notify the appropriate healthcare provider according to hospital policy, report the incident through the proper channels, document the event accurately, and support a culture of learning rather than blame.",Medication error|Patient safety|Reporting|Ethics,Prioritizes patient safety|Follows reporting procedures|Acts professionally and ethically,How would you approach the colleague after reporting the incident?|What is a 'just culture' and why does it matter in error reporting?,3-4 minutes,8,"Ethics, Patient Safety"
NUR017,Nurse,Communication,Patient Education,Hard,How would you educate a patient before discharge?,"The nurse should explain medications, follow-up appointments, dietary recommendations, activity restrictions, warning signs that require medical attention, and self-care instructions using simple language. They should encourage questions and confirm understanding using methods such as teach-back.",Patient education|Discharge planning|Teach-back|Communication,Provides clear instructions|Confirms patient understanding|Encourages questions,How do you handle discharge education for a patient with low health literacy?|What is the teach-back method and why is it effective?,3-4 minutes,7,"Patient Education, Discharge"
NUR018,Nurse,Clinical Knowledge,Vital Signs,Easy,Why is monitoring vital signs important?,"Vital signs, including temperature, pulse, respiratory rate, blood pressure, and oxygen saturation, provide essential information about a patient's condition. Changes in vital signs may indicate improvement or deterioration and help guide clinical decisions and timely interventions.","Vital signs, Patient monitoring, Early detection",Identifies major vital signs|Explains their clinical importance|Understands early detection of deterioration,What would you do if you noticed a sudden drop in oxygen saturation?|How frequently should vital signs be monitored for a stable versus unstable patient?,2-3 minutes,5,"Clinical Knowledge, Vital Signs"
NUR019,Nurse,Patient Safety,Fall Prevention,Hard,How do you reduce the risk of patient falls in a healthcare setting?,"The nurse should assess each patient's fall risk, keep the environment safe and free of hazards, ensure the bed is in a low position with brakes locked, provide assistive devices when needed, educate patients and families, respond promptly to call bells, and regularly reassess fall risk throughout the patient's stay.",Fall prevention|Risk assessment|Patient safety,Performs risk assessment|Applies preventive measures|Prioritizes patient safety,What fall risk assessment tools have you used?|What would you do immediately after a patient fall?,3 minutes,7,"Patient Safety, Fall Prevention"
NUR020,Nurse,Behavioral,Professional Values,Medium,What qualities make an excellent nurse?,"An excellent nurse combines strong clinical knowledge with compassion, empathy, communication skills, critical thinking, attention to detail, teamwork, adaptability, professionalism, ethical practice, and a commitment to lifelong learning. They advocate for patients, provide safe and evidence-based care, and maintain respect and dignity for every individual regardless of their background.",Compassion|Critical thinking|Professionalism|Patient advocacy|Teamwork|Ethics,Identifies key professional qualities|Demonstrates patient-centered care|Emphasizes ethics and safety|Shows commitment to continuous improvement,Which of these qualities do you feel is your greatest strength?|Can you give an example of when you advocated for a patient?,3 minutes,6,"Behavioral, Professional Values"
DA001,Data Analyst,Behavioral,Self-Introduction,Easy,Tell me about yourself and why you chose a career in data analytics.,"A strong candidate should provide a concise overview of their education, relevant experience, technical skills (such as Excel, SQL, Python, Power BI, or Tableau), and interest in solving business problems using data. The candidate should explain how they use analytical thinking to transform raw data into meaningful insights that support decision-making.",Data analysis|SQL|Excel|Python|Power BI|Business insights,Gives a structured introduction|Demonstrates interest in analytics|Mentions relevant technical skills|Connects experience to business value,Which analytics project are you most proud of?|What tools do you use most often?,2-3 minutes,5,"Behavioral, Introduction"
DA002,Data Analyst,Data Analysis Fundamentals,Data Analysis Process,Medium,Describe the typical data analysis process.,"The data analysis process generally includes: understanding the business problem, collecting relevant data, cleaning and preparing the data, exploring the data to identify patterns, analyzing the data using statistical or analytical techniques, visualizing the results, and presenting actionable insights and recommendations to stakeholders.",Data collection|Data cleaning|EDA|Visualization|Business insights,Explains the complete workflow|Includes data preparation|Connects analysis to business decisions,Which step of the process do you find most challenging?|How do you validate that your analysis actually answers the business question?,3-4 minutes,6,"Fundamentals, Process"
DA003,Data Analyst,SQL,SQL Fundamentals,Hard,Why is SQL important for a Data Analyst?,"SQL is essential because it allows analysts to retrieve, filter, join, aggregate, and manipulate data stored in relational databases. Analysts use SQL to answer business questions, generate reports, prepare datasets for analysis, and identify trends efficiently. Common SQL operations include SELECT, WHERE, GROUP BY, ORDER BY, JOIN, HAVING, and aggregate functions (COUNT, SUM, AVG, MIN, MAX).",SQL|SELECT|JOIN|GROUP BY|Database,Explains SQL's purpose|Mentions common SQL operations|Connects SQL to business reporting,Can you write a query to find the top 5 customers by revenue?|What is the difference between GROUP BY and ORDER BY?,4-5 minutes,7,SQL
DA004,Data Analyst,Data Cleaning,Data Preparation,Hard,What steps would you take to clean a dataset?,"Data cleaning involves handling missing values, removing duplicate records, correcting inconsistent formatting, identifying and treating outliers, standardizing data formats, validating data accuracy, and ensuring appropriate data types. Clean data improves the accuracy and reliability of analysis.",Missing values|Duplicates|Outliers|Data validation,Covers key cleaning tasks|Understands data quality|Explains why cleaning is necessary,How do you decide whether to remove or impute missing values?|What tools do you typically use to clean data?,4-5 minutes,7,Data Cleaning
DA005,Data Analyst,Excel,Excel Analysis,Medium,Which Excel features do you frequently use for data analysis?,"A data analyst commonly uses Pivot Tables, Pivot Charts, VLOOKUP/XLOOKUP, INDEX & MATCH, IF statements, Conditional Formatting, Filters and Sorting, Power Query, Charts, and Data Validation. These features help summarize, analyze, and visualize data efficiently.",Pivot Table|XLOOKUP|Charts|Power Query,Mentions advanced Excel features|Explains practical applications|Demonstrates analytical experience,Can you walk me through how you'd build a pivot table for monthly sales?|When would you use Power Query instead of formulas?,3-4 minutes,6,Excel
DA006,Data Analyst,Data Visualization,Dashboard Design,Hard,What makes an effective dashboard?,"An effective dashboard should answer business questions, display the most important KPIs, be easy to understand, use appropriate charts, avoid unnecessary visual clutter, allow filtering and interaction where appropriate, and present accurate and up-to-date information.",Dashboard|KPI|Visualization|Charts,Focuses on business needs|Understands visualization principles|Emphasizes simplicity and clarity,Can you describe a dashboard you built and who used it?|How do you decide which KPIs belong on a dashboard?,3-4 minutes,7,"Data Visualization, Dashboards"
DA007,Data Analyst,Statistics,Basic Statistics,Medium,Why is statistics important in data analysis?,"Statistics helps analysts summarize data, identify patterns, measure variability, detect relationships, and make data-driven decisions. Common concepts include mean, median, mode, standard deviation, probability, correlation, and hypothesis testing.",Mean|Median|Standard deviation|Correlation,Explains the role of statistics|Mentions fundamental concepts|Connects statistics to business decisions,"What is the difference between mean and median, and when would you prefer one over the other?|Can you explain what standard deviation tells you about a dataset?",3-4 minutes,6,Statistics
DA008,Data Analyst,Problem Solving,Business Analysis,Hard,How would you identify why sales dropped last month?,"The analyst should first define the problem, gather relevant sales data, compare performance with previous periods, segment data by product, region, customer, and sales channel, identify trends or anomalies, investigate possible causes, and present findings supported by data along with recommendations.",Root cause analysis|Sales trends|Segmentation,Uses a structured analytical approach|Investigates multiple factors|Supports conclusions with data,"Which segmentation would you check first, and why?|How would you present these findings to a sales director?",4-5 minutes,8,"Business Analysis, Problem Solving"
DA009,Data Analyst,Data Visualization,Chart Selection,Medium,How do you choose the appropriate chart for presenting data?,"The chart depends on the type of data and the message being communicated: bar chart for comparisons, line chart for trends over time, pie chart for simple proportions, scatter plot for relationships, histogram for distributions, and heatmap for patterns in large datasets. The goal is to make insights easy to understand without misleading the audience.",Bar chart|Line chart|Scatter plot|Visualization,Matches chart types to data|Understands visualization best practices|Focuses on clear communication,"When would a pie chart be misleading, and what would you use instead?|How do you avoid misleading visualizations?",3-4 minutes,6,Data Visualization
DA010,Data Analyst,Behavioral,Stakeholder Communication,Hard,How would you explain a complex data analysis to a non-technical manager?,"The analyst should avoid technical jargon, focus on business impact, use simple language and visualizations, summarize the key findings, explain recommendations clearly, and answer questions based on the audience's level of understanding. The objective is to help decision-makers act on the insights rather than understand the technical details.",Communication|Stakeholders|Business insights|Data storytelling,Communicates clearly|Focuses on business value|Adapts to the audience|Uses visual explanations effectively,Can you give an example of a time you simplified a technical finding for a stakeholder?|How do you handle a stakeholder who pushes back on your findings?,3-4 minutes,7,"Communication, Stakeholder Management"
DA011,Data Analyst,SQL,SQL Joins,Hard,"Explain the difference between INNER JOIN, LEFT JOIN, RIGHT JOIN, and FULL OUTER JOIN.","SQL joins are used to combine data from multiple tables. INNER JOIN returns only matching records from both tables. LEFT JOIN returns all records from the left table and matching records from the right table, with non-matching rows from the right table returning NULL. RIGHT JOIN returns all records from the right table and matching records from the left table, with non-matching rows from the left table returning NULL. FULL OUTER JOIN returns all records from both tables, whether they match or not, with missing values returned as NULL. Choosing the appropriate join depends on the business question and the relationship between the tables.",INNER JOIN|LEFT JOIN|RIGHT JOIN|FULL OUTER JOIN|NULL,Correctly defines each join type|Explains when each join is used|Demonstrates understanding of table relationships,When would you use a LEFT JOIN instead of an INNER JOIN?|Can you explain joins using a business example?,3-4 minutes,8,"SQL, Database"
DA012,Data Analyst,SQL,Aggregation,Hard,What is the difference between WHERE and HAVING?,"Both clauses filter data, but they are used at different stages of a query. WHERE filters rows before grouping. HAVING filters groups after the GROUP BY operation. For example, WHERE can filter orders from a specific country, while HAVING can return only countries with more than 100 orders.",WHERE|HAVING|GROUP BY|Aggregation,Explains execution order|Understands grouping|Provides an example,Can you write a query that uses both WHERE and HAVING together?|Why can't you use an aggregate function directly in a WHERE clause?,3-4 minutes,7,"SQL, Aggregation"
DA013,Data Analyst,Power BI,Dashboard Development,Hard,What are the main components of a Power BI report?,"A Power BI report typically includes data sources, data model, relationships, DAX calculations, visualizations, filters and slicers, KPIs, and interactive dashboards. A good report should answer business questions while remaining simple and easy to navigate.",Power BI|DAX|Dashboard|KPIs|Slicers,Understands Power BI structure|Mentions DAX and relationships|Focuses on usability,Can you explain a DAX measure you've written?|How do you structure relationships in the data model for a multi-table report?,3-4 minutes,7,"Power BI, Dashboards"
DA014,Data Analyst,Python,Data Analysis,Hard,How is Python used in data analysis?,"Python is widely used for cleaning, transforming, analyzing, visualizing, and automating data tasks. Common libraries include Pandas for data manipulation, NumPy for numerical operations, Matplotlib and Seaborn for visualization, Scikit-learn for machine learning, and OpenPyXL for Excel automation. Python allows analysts to process large datasets efficiently and automate repetitive work.",Python|Pandas|NumPy|Matplotlib|Scikit-learn,Identifies major libraries|Explains practical use cases|Demonstrates automation benefits,Can you describe a task you automated using Python?|How would you handle a dataset too large to fit in memory?,3-4 minutes,7,Python
DA015,Data Analyst,Statistics,Correlation vs Causation,Hard,What is the difference between correlation and causation?,"Correlation means that two variables move together, while causation means that one variable directly causes changes in another. A high correlation does not necessarily imply a cause-and-effect relationship because other variables may influence both. Data analysts should avoid drawing causal conclusions without sufficient evidence or proper experimental design.",Correlation|Causation|Variables|Statistical analysis,Clearly distinguishes the concepts|Understands common misconceptions|Explains business implications,Can you give an example of a spurious correlation?|How would you design a study to test causation rather than just correlation?,4-5 minutes,8,"Statistics, Correlation"
DA016,Data Analyst,Business Analysis,KPI Analysis,Medium,"What is a KPI, and why is it important?","A Key Performance Indicator (KPI) is a measurable value that tracks progress toward business objectives. Examples include revenue growth, customer retention rate, conversion rate, customer satisfaction score, and profit margin. KPIs help organizations monitor performance, identify problems, and make informed decisions.",KPI|Metrics|Business performance,Defines KPI correctly|Provides relevant examples|Connects KPIs to decision-making,How would you choose the right KPIs for a new product launch?|What's the difference between a KPI and a general metric?,3 minutes,6,"KPI, Business Analysis"
DA017,Data Analyst,Data Cleaning,Missing Data,Hard,How do you handle missing data in a dataset?,"The appropriate method depends on the situation. Possible approaches include removing incomplete records, filling missing values using mean, median, or mode, using interpolation, using predictive models for imputation, and investigating why data is missing before deciding on a solution. The analyst should consider the impact of missing data on analysis accuracy.",Missing values|Imputation|Median|Mean,Identifies multiple approaches|Considers data quality|Chooses methods appropriately,When would removing rows be a bad idea?|How do you decide between mean imputation and a predictive model?,3-4 minutes,7,"Data Cleaning, Missing Data"
DA018,Data Analyst,Problem Solving,Analytical Thinking,Hard,A company notices a significant drop in website traffic. How would you investigate the issue?,"The analyst should verify the accuracy of tracking data, compare traffic with previous periods, analyze traffic by source (organic, paid, social, direct), identify affected pages, check marketing campaigns, review technical issues such as website downtime, examine seasonality and external factors, and present findings with supporting data and recommendations.",Root cause analysis|Website traffic|Google Analytics|Segmentation,Uses a structured investigation|Considers multiple causes|Supports conclusions with evidence,What would you check first if you suspected a tracking/tagging issue?|How would you rule out seasonality as the cause?,4-5 minutes,8,"Problem Solving, Analytics"
DA019,Data Analyst,Data Ethics,Data Privacy,Medium,Why is data privacy important for a Data Analyst?,"Data analysts often work with sensitive information such as customer, employee, or financial data. Protecting this information is essential to maintain trust, comply with legal and organizational requirements, prevent unauthorized access, and ensure ethical use of data. Analysts should follow company policies, anonymize data when appropriate, and grant access only to authorized individuals.",Data privacy|Security|Confidentiality|Ethics,Understands privacy principles|Mentions ethical responsibilities|Explains the importance of secure data handling,"How would you anonymize a dataset before sharing it externally?|Are you familiar with any data privacy regulations, such as GDPR?",3 minutes,6,"Data Ethics, Privacy"
DA020,Data Analyst,Behavioral,Continuous Learning,Easy,How do you keep your data analytics skills up to date?,"A strong candidate continuously develops their skills by taking online courses, earning certifications, reading industry blogs and research, participating in analytics communities, working on personal projects, practicing SQL and Python, exploring new visualization tools, and staying informed about emerging technologies such as AI and data engineering. Continuous learning helps analysts remain effective in a rapidly evolving field.",Continuous learning|Certifications|SQL|Python|Power BI|AI,Demonstrates commitment to learning|Mentions multiple learning resources|Shows awareness of industry trends|Applies new knowledge in practice,"What's a recent skill or tool you learned, and how did you apply it?|How do you decide which new tools or techniques are worth learning?",2-3 minutes,5,Continuous Learning
MM001,Marketing Manager,Behavioral,Self-Introduction,Easy,Tell me about yourself and your experience in marketing.,"A strong candidate should introduce their educational background, marketing experience, industries they have worked in, and key achievements. They should mention experience in areas such as digital marketing, campaign management, branding, content marketing, social media, SEO, paid advertising, or market research. The response should demonstrate enthusiasm for understanding customer behavior and driving business growth.",Marketing|Campaigns|Branding|Digital Marketing|Business Growth,Gives a structured introduction|Highlights relevant experience|Demonstrates enthusiasm for marketing|Connects achievements to business results,Which campaign are you most proud of?|What marketing channels have you managed?,2-3 minutes,5,"Behavioral, Introduction"
MM002,Marketing Manager,Marketing Strategy,Strategic Planning,Hard,How do you develop a marketing strategy for a new product?,"A marketing strategy begins with understanding the product, target audience, competitors, and business objectives. The manager should conduct market research, define customer personas, establish clear goals, determine the value proposition, choose appropriate marketing channels, create a budget, develop campaign messaging, define KPIs, and continuously monitor performance to optimize results.",Marketing strategy|Target audience|Market research|KPIs,Follows a structured planning process|Includes market research|Defines measurable objectives,How would you validate your target audience assumptions before launch?|How do you decide on a marketing budget for a new product?,3-4 minutes,7,Marketing Strategy
MM003,Marketing Manager,Digital Marketing,Channel Selection,Hard,How do you decide which marketing channels to use for a campaign?,"Channel selection depends on the target audience, campaign objectives, budget, product type, and customer behavior. A marketing manager should evaluate channels such as social media, search engines, email marketing, content marketing, influencer marketing, paid advertising, and offline media based on expected reach, engagement, and return on investment.",Marketing channels|Audience|ROI|Digital marketing,Considers audience behavior|Aligns channels with objectives|Evaluates budget and ROI,How would you test a new channel before committing a large budget to it?|What would make you cut a channel from a campaign mid-flight?,3-4 minutes,7,"Digital Marketing, Channels"
MM004,Marketing Manager,Market Research,Customer Analysis,Medium,Why is market research important before launching a campaign?,"Market research helps organizations understand customer needs, preferences, purchasing behavior, competitors, and market trends. It reduces business risk, improves campaign effectiveness, identifies opportunities, and supports informed marketing decisions.",Market research|Customer insights|Competitor analysis,Explains the purpose of research|Connects research to business decisions|Mentions competitor analysis,What research methods have you used to understand a target audience?|How do you balance research time against speed to market?,3 minutes,6,Market Research
MM005,Marketing Manager,Branding,Brand Management,Medium,What makes a strong brand?,"A strong brand has a clear identity, consistent messaging, a unique value proposition, emotional connection with customers, high product or service quality, and a positive reputation. Successful brands consistently deliver on their promises and build customer trust over time.",Brand identity|Brand value|Customer trust,Understands branding principles|Explains customer perception|Discusses consistency,Can you describe a brand you admire and why it resonates with customers?|How do you maintain brand consistency across multiple channels?,3 minutes,6,Branding
MM006,Marketing Manager,Analytics,Marketing KPIs,Hard,Which KPIs would you use to measure the success of a marketing campaign?,"Common marketing KPIs include Return on Investment (ROI), Conversion Rate, Click-Through Rate (CTR), Cost Per Acquisition (CPA), Customer Acquisition Cost (CAC), Customer Lifetime Value (CLV), Website Traffic, Engagement Rate, Lead Generation, and Sales Growth. The choice depends on the campaign's objectives.",ROI|CTR|CPA|CAC|Conversion Rate,Identifies relevant KPIs|Matches KPIs to objectives|Understands performance measurement,How would your choice of KPIs differ between a brand-awareness campaign and a direct-response campaign?|What's the difference between CAC and CPA?,3-4 minutes,7,"Analytics, KPIs"
MM007,Marketing Manager,Problem Solving,Campaign Optimization,Hard,What would you do if a marketing campaign was performing poorly?,"The marketing manager should analyze campaign data to identify the root cause, evaluate audience targeting, messaging, creatives, budget allocation, channel performance, landing pages, and conversion funnel. Based on the findings, they should implement improvements, conduct A/B testing, and continuously monitor results.",Campaign optimization|A/B testing|Analytics|Performance,Uses data to identify problems|Suggests optimization strategies|Focuses on continuous improvement,"Can you describe a campaign you turned around, and how?|At what point would you pause a campaign versus continue optimizing it?",3-4 minutes,7,Campaign Optimization
MM008,Marketing Manager,Content Marketing,Content Strategy,Medium,What role does content marketing play in business growth?,"Content marketing attracts, educates, and engages potential customers by providing valuable information. High-quality content builds trust, improves brand awareness, supports SEO, generates leads, nurtures customer relationships, and increases conversions over time.",Content marketing|SEO|Lead generation|Brand awareness,Understands content strategy|Connects content to business objectives|Mentions long-term value,How do you measure the ROI of content marketing?|What types of content have worked best for lead generation in your experience?,3 minutes,6,Content Marketing
MM009,Marketing Manager,Leadership,Team Management,Hard,How do you manage and motivate a marketing team?,"A marketing manager should establish clear goals, delegate responsibilities effectively, encourage collaboration, provide regular feedback, recognize achievements, support professional development, and create an environment where creativity and innovation are encouraged.",Leadership|Motivation|Teamwork|Goal setting,Demonstrates leadership|Encourages teamwork|Supports employee development,How do you handle an underperforming team member?|How do you balance creative freedom with meeting deadlines and KPIs?,3-4 minutes,7,"Leadership, Team Management"
MM010,Marketing Manager,Communication,Stakeholder Management,Hard,How would you present marketing results to senior management?,"A marketing manager should present data clearly and focus on business outcomes rather than technical details. The presentation should summarize campaign objectives, key performance indicators, achievements, challenges, lessons learned, return on investment, and recommendations for future improvements. Visual dashboards and concise reports help stakeholders make informed decisions.",Reporting|KPIs|ROI|Executive communication,Communicates clearly|Focuses on business impact|Uses data effectively|Provides actionable recommendations,How do you handle a question from leadership that you don't have data to answer?|How do you tailor a marketing report for a non-marketing executive?,3-4 minutes,7,"Communication, Reporting"
MM011,Marketing Manager,Digital Marketing,SEO & SEM,Hard,What is the difference between SEO and SEM?,"SEO (Search Engine Optimization) focuses on improving a website's organic visibility in search engine results through content optimization, keyword research, technical improvements, and backlink strategies. Results typically take time but provide long-term benefits. SEM (Search Engine Marketing) involves paid advertising, such as Google Ads, to increase visibility in search results. SEM delivers faster results but requires ongoing advertising budgets. Many successful marketing strategies combine both SEO and SEM to maximize visibility and traffic.",SEO|SEM|Google Ads|Organic traffic|Paid advertising,Correctly differentiates SEO and SEM|Explains advantages of each|Understands when to use each strategy,Which KPIs would you use to measure SEO performance?|When would SEM be a better choice than SEO?,3-4 minutes,8,Digital Marketing
MM012,Marketing Manager,Social Media Marketing,Social Media Strategy,Hard,How do you create an effective social media marketing strategy?,"An effective strategy begins by defining business objectives and identifying the target audience. The manager selects the appropriate platforms, develops a content calendar, creates engaging content, schedules posts consistently, interacts with followers, monitors analytics, and adjusts the strategy based on performance metrics.",Social media|Content calendar|Engagement|Analytics,Defines clear objectives|Understands audience targeting|Uses analytics for improvement,How do you choose which social platforms to prioritize?|How do you handle negative comments or a social media backlash?,3-4 minutes,7,Social Media
MM013,Marketing Manager,Analytics,A/B Testing,Hard,"What is A/B testing, and why is it important?","A/B testing compares two versions of a marketing element, such as an email, advertisement, landing page, or call-to-action, to determine which performs better. By changing one variable at a time, marketers can make data-driven decisions that improve conversion rates and campaign performance.",A/B testing|Conversion rate|Optimization|Experiment,Explains the purpose of A/B testing|Understands controlled experiments|Connects testing to optimization,How large a sample size would you want before trusting an A/B test result?|Can you describe an A/B test you ran and what you learned?,3-4 minutes,7,"Analytics, A/B Testing"
MM014,Marketing Manager,Customer Relationship Management,Customer Retention,Medium,Why is customer retention important?,"Retaining existing customers is often more cost-effective than acquiring new ones. Loyal customers tend to make repeat purchases, recommend the brand to others, and contribute to long-term revenue growth. Effective retention strategies include personalized communication, loyalty programs, excellent customer service, and continuous engagement.",Customer retention|Loyalty|Customer lifetime value|CRM,Understands retention benefits|Mentions practical retention strategies|Connects retention to profitability,How would you design a loyalty program for a new customer base?|How do you measure whether a retention strategy is working?,3 minutes,6,"CRM, Retention"
MM015,Marketing Manager,Budget Management,Marketing Budget,Hard,How would you allocate a limited marketing budget?,"A marketing manager should prioritize channels with the highest expected return on investment based on historical performance, target audience behavior, and campaign objectives. Budget allocation should be monitored regularly, with adjustments made according to campaign performance and business priorities.",Marketing budget|ROI|Resource allocation,Prioritizes spending strategically|Uses data to allocate resources|Monitors and adjusts budget,How would you justify reallocating budget away from an underperforming channel?|How do you balance short-term ROI against long-term brand investment?,3-4 minutes,7,Budget Management
MM016,Marketing Manager,Leadership,Decision Making,Hard,How would you respond if a major marketing campaign failed to achieve its objectives?,"The manager should objectively analyze campaign data, identify root causes, gather feedback from the team, evaluate audience targeting, messaging, creative assets, timing, and channel performance. Lessons learned should be documented, and improvements should be incorporated into future campaigns. Accountability, transparency, and continuous improvement are essential.","Campaign analysis, Root cause, Continuous improvement",Accepts accountability|Uses data to identify issues|Develops an improvement plan,How would you communicate this failure to senior leadership?|How do you rebuild team morale after a high-visibility campaign failure?,4-5 minutes,8,"Leadership, Decision Making"
MM017,Marketing Manager,Market Research,Competitor Analysis,Hard,How do you perform a competitor analysis?,"Competitor analysis involves identifying key competitors and evaluating their products, pricing, target audience, marketing channels, messaging, customer reviews, strengths, weaknesses, and market positioning. The insights gained help identify opportunities for differentiation and improve strategic decision-making.",Competitor analysis|SWOT|Positioning|Market research,Identifies important comparison areas|Understands competitive positioning|Uses findings to improve strategy,What tools do you use to track competitor activity?|How often should a competitor analysis be updated?,3-4 minutes,7,"Market Research, Competitor Analysis"
MM018,Marketing Manager,Branding,Brand Reputation,Hard,How would you manage a brand during a public relations crisis?,"The manager should respond quickly, acknowledge the issue honestly, communicate transparently with stakeholders, provide accurate information, coordinate with leadership and public relations teams, monitor public sentiment, and implement corrective actions. Protecting customer trust should be the highest priority.",Crisis management|Brand reputation|Communication|Public relations,Responds promptly|Demonstrates transparency|Focuses on maintaining trust|Provides practical solutions,Can you describe how you'd draft an initial public statement during a crisis?|How do you monitor public sentiment in real time during a crisis?,4-5 minutes,8,"Branding, Crisis Management"
MM019,Marketing Manager,Analytics,ROI Measurement,Hard,How do you measure the return on investment (ROI) of a marketing campaign?,"ROI measures the financial return generated by a marketing campaign relative to its cost. The basic formula is: ROI = ((Revenue Generated - Campaign Cost) / Campaign Cost) x 100. In addition to ROI, marketers should evaluate conversion rates, customer acquisition cost, customer lifetime value, lead quality, and long-term business impact to gain a complete understanding of campaign performance.",ROI|Revenue|Campaign cost|Performance measurement,Defines ROI correctly|Explains the calculation|Mentions complementary performance metrics,How would you attribute revenue to a campaign when a customer touches multiple channels?|What's a good ROI benchmark for a typical digital campaign?,3-4 minutes,7,"Analytics, ROI"
MM020,Marketing Manager,Behavioral,Continuous Learning,Easy,How do you stay updated with marketing trends and industry changes?,"A successful marketing manager continuously develops their knowledge by following industry publications, attending webinars and conferences, completing professional certifications, monitoring competitor activities, analyzing consumer behavior, experimenting with new marketing tools, and staying informed about emerging technologies such as AI, marketing automation, and data analytics. Continuous learning enables marketers to adapt quickly to changing customer expectations and market conditions.",Continuous learning|Marketing trends|AI|Marketing automation|Professional development,Demonstrates commitment to professional growth|Mentions multiple learning resources|Shows awareness of emerging technologies|Connects learning to improved marketing performance,What's a recent marketing trend you've applied in your work?|How do you evaluate whether a new marketing tool is worth adopting?,2-3 minutes,5,"Behavioral, Continuous Learning"
SE031,Software Engineer,Data Structures,Hash Tables,Medium,Can you explain Hash Tables and why it matters in your role?,"Hash tables map keys to values using a hash function, offering average O(1) lookup, insertion, and deletion, but require good collision handling (chaining or open addressing). A strong candidate would also give a concrete example of applying hash tables in a past project or scenario, showing not just definitional knowledge but practical judgment.",hash|tables,Accurately defines Hash Tables|Explains why it matters in practice|Gives a relevant example|Communicates clearly,Can you walk me through a time you used hash tables directly?|What challenges have you faced with hash tables?,3-4 minutes,5,Data Structures
SE032,Software Engineer,Data Structures,Binary Trees,Medium,Can you explain Binary Trees and why it matters in your role?,"Binary trees are hierarchical structures where each node has at most two children; binary search trees keep sorted order for O(log n) average search, insert, and delete. A strong candidate would also give a concrete example of applying binary trees in a past project or scenario, showing not just definitional knowledge but practical judgment.",binary|trees,Accurately defines Binary Trees|Explains why it matters in practice|Gives a relevant example|Communicates clearly,Can you walk me through a time you used binary trees directly?|What challenges have you faced with binary trees?,3-4 minutes,5,Data Structures
SE033,Software Engineer,Data Structures,Graphs,Medium,Can you explain Graphs and why it matters in your role?,"Graphs represent entities as nodes and relationships as edges, and can be directed/undirected or weighted; common traversals are BFS and DFS. A strong candidate would also give a concrete example of applying graphs in a past project or scenario, showing not just definitional knowledge but practical judgment.",graphs,Accurately defines Graphs|Explains why it matters in practice|Gives a relevant example|Communicates clearly,Can you walk me through a time you used graphs directly?|What challenges have you faced with graphs?,3-4 minutes,5,Data Structures
SE034,Software Engineer,Data Structures,Heaps,Medium,Can you explain Heaps and why it matters in your role?,"A heap is a complete binary tree that maintains the heap property (min-heap or max-heap), commonly used to implement priority queues in O(log n) insert/extract. A strong candidate would also give a concrete example of applying heaps in a past project or scenario, showing not just definitional knowledge but practical judgment.",heaps,Accurately defines Heaps|Explains why it matters in practice|Gives a relevant example|Communicates clearly,Can you walk me through a time you used heaps directly?|What challenges have you faced with heaps?,3-4 minutes,5,Data Structures
SE035,Software Engineer,Data Structures,Tries,Medium,Can you explain Tries and why it matters in your role?,"A trie is a tree structure specialized for storing strings, enabling fast prefix search, often used in autocomplete and spell-checking systems. A strong candidate would also give a concrete example of applying tries in a past project or scenario, showing not just definitional knowledge but practical judgment.",tries,Accurately defines Tries|Explains why it matters in practice|Gives a relevant example|Communicates clearly,Can you walk me through a time you used tries directly?|What challenges have you faced with tries?,3-4 minutes,5,Data Structures
SE036,Software Engineer,Algorithms,Sorting Algorithms,Easy,Can you explain Sorting Algorithms and why it matters in your role?,"Common sorting algorithms include quicksort, mergesort, and heapsort, each with different time/space trade-offs; quicksort averages O(n log n) but can degrade to O(n^2). A strong candidate would also give a concrete example of applying sorting algorithms in a past project or scenario, showing not just definitional knowledge but practical judgment.",sorting|algorithms,Accurately defines Sorting Algorithms|Explains why it matters in practice|Gives a relevant example|Communicates clearly,Can you walk me through a time you used sorting algorithms directly?|What challenges have you faced with sorting algorithms?,3-4 minutes,5,Algorithms
SE037,Software Engineer,Algorithms,Searching Algorithms,Easy,Can you explain Searching Algorithms and why it matters in your role?,"Binary search runs in O(log n) on sorted data by repeatedly halving the search space, while linear search runs in O(n) but works on unsorted data. A strong candidate would also give a concrete example of applying searching algorithms in a past project or scenario, showing not just definitional knowledge but practical judgment.",searching|algorithms,Accurately defines Searching Algorithms|Explains why it matters in practice|Gives a relevant example|Communicates clearly,Can you walk me through a time you used searching algorithms directly?|What challenges have you faced with searching algorithms?,3-4 minutes,5,Algorithms
SE038,Software Engineer,Algorithms,Dynamic Programming,Easy,Can you explain Dynamic Programming and why it matters in your role?,"Dynamic programming solves problems by breaking them into overlapping subproblems and storing results to avoid recomputation, trading memory for time. A strong candidate would also give a concrete example of applying dynamic programming in a past project or scenario, showing not just definitional knowledge but practical judgment.",dynamic|programming,Accurately defines Dynamic Programming|Explains why it matters in practice|Gives a relevant example|Communicates clearly,Can you walk me through a time you used dynamic programming directly?|What challenges have you faced with dynamic programming?,3-4 minutes,5,Algorithms
SE039,Software Engineer,Algorithms,Greedy Algorithms,Easy,Can you explain Greedy Algorithms and why it matters in your role?,"Greedy algorithms make the locally optimal choice at each step, which works for problems with the greedy-choice property such as Dijkstra's shortest path. A strong candidate would also give a concrete example of applying greedy algorithms in a past project or scenario, showing not just definitional knowledge but practical judgment.",greedy|algorithms,Accurately defines Greedy Algorithms|Explains why it matters in practice|Gives a relevant example|Communicates clearly,Can you walk me through a time you used greedy algorithms directly?|What challenges have you faced with greedy algorithms?,3-4 minutes,5,Algorithms
SE040,Software Engineer,Algorithms,Recursion,Easy,Can you explain Recursion and why it matters in your role?,"Recursion solves a problem by having a function call itself on smaller subproblems, requiring a clear base case to avoid infinite recursion and stack overflow. A strong candidate would also give a concrete example of applying recursion in a past project or scenario, showing not just definitional knowledge but practical judgment.",recursion,Accurately defines Recursion|Explains why it matters in practice|Gives a relevant example|Communicates clearly,Can you walk me through a time you used recursion directly?|What challenges have you faced with recursion?,3-4 minutes,5,Algorithms
SE041,Software Engineer,Algorithms,Big-O Notation,Easy,Can you explain Big-O Notation and why it matters in your role?,"Big-O notation describes how an algorithm's runtime or memory usage grows relative to input size, helping compare efficiency independent of hardware. A strong candidate would also give a concrete example of applying big-o notation in a past project or scenario, showing not just definitional knowledge but practical judgment.",big-o|notation,Accurately defines Big-O Notation|Explains why it matters in practice|Gives a relevant example|Communicates clearly,Can you walk me through a time you used big-o notation directly?|What challenges have you faced with big-o notation?,3-4 minutes,5,Algorithms
SE042,Software Engineer,Software Design,SOLID Principles,Easy,Can you explain SOLID Principles and why it matters in your role?,"SOLID is a set of five design principles (Single Responsibility, Open/Closed, Liskov Substitution, Interface Segregation, Dependency Inversion) that make code more maintainable. A strong candidate would also give a concrete example of applying solid principles in a past project or scenario, showing not just definitional knowledge but practical judgment.",solid|principles,Accurately defines SOLID Principles|Explains why it matters in practice|Gives a relevant example|Communicates clearly,Can you walk me through a time you used solid principles directly?|What challenges have you faced with solid principles?,3-4 minutes,5,Software Design
SE043,Software Engineer,Software Design,Design Patterns,Easy,Can you explain Design Patterns and why it matters in your role?,"Design patterns like Singleton, Factory, Observer, and Strategy are reusable solutions to common software design problems. A strong candidate would also give a concrete example of applying design patterns in a past project or scenario, showing not just definitional knowledge but practical judgment.",design|patterns,Accurately defines Design Patterns|Explains why it matters in practice|Gives a relevant example|Communicates clearly,Can you walk me through a time you used design patterns directly?|What challenges have you faced with design patterns?,3-4 minutes,5,Software Design
SE044,Software Engineer,Software Design,Dependency Injection,Easy,Can you explain Dependency Injection and why it matters in your role?,"Dependency injection supplies a class's dependencies from the outside rather than creating them internally, improving testability and decoupling. A strong candidate would also give a concrete example of applying dependency injection in a past project or scenario, showing not just definitional knowledge but practical judgment.",dependency|injection,Accurately defines Dependency Injection|Explains why it matters in practice|Gives a relevant example|Communicates clearly,Can you walk me through a time you used dependency injection directly?|What challenges have you faced with dependency injection?,3-4 minutes,5,Software Design
SE045,Software Engineer,Software Design,Clean Code,Easy,Can you explain Clean Code and why it matters in your role?,"Clean code emphasizes readability, meaningful naming, small functions, and minimal duplication so code is easy to maintain and extend. A strong candidate would also give a concrete example of applying clean code in a past project or scenario, showing not just definitional knowledge but practical judgment.",clean|code,Accurately defines Clean Code|Explains why it matters in practice|Gives a relevant example|Communicates clearly,Can you walk me through a time you used clean code directly?|What challenges have you faced with clean code?,3-4 minutes,5,Software Design
SE046,Software Engineer,Backend Development,REST APIs,Easy,Can you explain REST APIs and why it matters in your role?,"REST APIs use standard HTTP verbs (GET, POST, PUT, DELETE) and stateless requests to expose resources, typically returning JSON. A strong candidate would also give a concrete example of applying rest apis in a past project or scenario, showing not just definitional knowledge but practical judgment.",rest|apis,Accurately defines REST APIs|Explains why it matters in practice|Gives a relevant example|Communicates clearly,Can you walk me through a time you used rest apis directly?|What challenges have you faced with rest apis?,3-4 minutes,5,Backend Development
SE047,Software Engineer,Backend Development,GraphQL,Easy,Can you explain GraphQL and why it matters in your role?,"GraphQL lets clients request exactly the data they need through a single endpoint and a strongly typed schema, reducing over-fetching compared to REST. A strong candidate would also give a concrete example of applying graphql in a past project or scenario, showing not just definitional knowledge but practical judgment.",graphql,Accurately defines GraphQL|Explains why it matters in practice|Gives a relevant example|Communicates clearly,Can you walk me through a time you used graphql directly?|What challenges have you faced with graphql?,3-4 minutes,5,Backend Development
SE048,Software Engineer,Backend Development,Microservices,Easy,Can you explain Microservices and why it matters in your role?,"Microservices architecture splits an application into small, independently deployable services communicating over the network, improving scalability but adding operational complexity. A strong candidate would also give a concrete example of applying microservices in a past project or scenario, showing not just definitional knowledge but practical judgment.",microservices,Accurately defines Microservices|Explains why it matters in practice|Gives a relevant example|Communicates clearly,Can you walk me through a time you used microservices directly?|What challenges have you faced with microservices?,3-4 minutes,5,Backend Development
SE049,Software Engineer,Backend Development,Message Queues,Easy,Can you explain Message Queues and why it matters in your role?,"Message queues like RabbitMQ or Kafka decouple producers and consumers, enabling asynchronous processing and better fault tolerance. A strong candidate would also give a concrete example of applying message queues in a past project or scenario, showing not just definitional knowledge but practical judgment.",message|queues,Accurately defines Message Queues|Explains why it matters in practice|Gives a relevant example|Communicates clearly,Can you walk me through a time you used message queues directly?|What challenges have you faced with message queues?,3-4 minutes,5,Backend Development
SE050,Software Engineer,Backend Development,Caching,Easy,Can you explain Caching and why it matters in your role?,"Caching stores frequently accessed data in fast storage (like Redis) to reduce latency and database load, requiring a strategy for invalidation. A strong candidate would also give a concrete example of applying caching in a past project or scenario, showing not just definitional knowledge but practical judgment.",caching,Accurately defines Caching|Explains why it matters in practice|Gives a relevant example|Communicates clearly,Can you walk me through a time you used caching directly?|What challenges have you faced with caching?,3-4 minutes,5,Backend Development
SE051,Software Engineer,Concurrency,Threads and Processes,Easy,Can you explain Threads and Processes and why it matters in your role?,"Threads share memory within a process and are lighter weight, while processes have isolated memory; choosing between them depends on isolation and communication needs. A strong candidate would also give a concrete example of applying threads and processes in a past project or scenario, showing not just definitional knowledge but practical judgment.",threads|and|processes,Accurately defines Threads and Processes|Explains why it matters in practice|Gives a relevant example|Communicates clearly,Can you walk me through a time you used threads and processes directly?|What challenges have you faced with threads and processes?,3-4 minutes,5,Concurrency
SE052,Software Engineer,Concurrency,Race Conditions,Easy,Can you explain Race Conditions and why it matters in your role?,"A race condition occurs when multiple threads access shared data concurrently without proper synchronization, leading to unpredictable results. A strong candidate would also give a concrete example of applying race conditions in a past project or scenario, showing not just definitional knowledge but practical judgment.",race|conditions,Accurately defines Race Conditions|Explains why it matters in practice|Gives a relevant example|Communicates clearly,Can you walk me through a time you used race conditions directly?|What challenges have you faced with race conditions?,3-4 minutes,5,Concurrency
SE053,Software Engineer,Concurrency,Deadlocks,Easy,Can you explain Deadlocks and why it matters in your role?,"A deadlock happens when two or more threads wait indefinitely for resources held by each other; prevention strategies include lock ordering and timeouts. A strong candidate would also give a concrete example of applying deadlocks in a past project or scenario, showing not just definitional knowledge but practical judgment.",deadlocks,Accurately defines Deadlocks|Explains why it matters in practice|Gives a relevant example|Communicates clearly,Can you walk me through a time you used deadlocks directly?|What challenges have you faced with deadlocks?,3-4 minutes,5,Concurrency
SE054,Software Engineer,Concurrency,Async/Await,Easy,Can you explain Async/Await and why it matters in your role?,"Async/await lets code perform non-blocking operations, allowing a program to continue executing other work while waiting for I/O to complete. A strong candidate would also give a concrete example of applying async/await in a past project or scenario, showing not just definitional knowledge but practical judgment.",async|await,Accurately defines Async/Await|Explains why it matters in practice|Gives a relevant example|Communicates clearly,Can you walk me through a time you used async/await directly?|What challenges have you faced with async/await?,3-4 minutes,5,Concurrency
SE055,Software Engineer,Database,Database Indexing,Easy,Can you explain Database Indexing and why it matters in your role?,"Indexes speed up read queries by creating an ordered lookup structure, at the cost of extra storage and slower writes. A strong candidate would also give a concrete example of applying database indexing in a past project or scenario, showing not just definitional knowledge but practical judgment.",database|indexing,Accurately defines Database Indexing|Explains why it matters in practice|Gives a relevant example|Communicates clearly,Can you walk me through a time you used database indexing directly?|What challenges have you faced with database indexing?,3-4 minutes,5,Database
SE056,Software Engineer,Database,Database Normalization,Easy,Can you explain Database Normalization and why it matters in your role?,"Normalization organizes tables to reduce redundancy and improve data integrity, typically progressing through 1NF, 2NF, and 3NF. A strong candidate would also give a concrete example of applying database normalization in a past project or scenario, showing not just definitional knowledge but practical judgment.",database|normalization,Accurately defines Database Normalization|Explains why it matters in practice|Gives a relevant example|Communicates clearly,Can you walk me through a time you used database normalization directly?|What challenges have you faced with database normalization?,3-4 minutes,5,Database
SE057,Software Engineer,Database,Transactions,Easy,Can you explain Transactions and why it matters in your role?,"A database transaction groups operations so they either all succeed or all fail, guaranteeing ACID properties (Atomicity, Consistency, Isolation, Durability). A strong candidate would also give a concrete example of applying transactions in a past project or scenario, showing not just definitional knowledge but practical judgment.",transactions,Accurately defines Transactions|Explains why it matters in practice|Gives a relevant example|Communicates clearly,Can you walk me through a time you used transactions directly?|What challenges have you faced with transactions?,3-4 minutes,5,Database
SE058,Software Engineer,System Design,Load Balancing,Easy,Can you explain Load Balancing and why it matters in your role?,"Load balancers distribute incoming traffic across multiple servers to improve availability and prevent any single server from being overwhelmed. A strong candidate would also give a concrete example of applying load balancing in a past project or scenario, showing not just definitional knowledge but practical judgment.",load|balancing,Accurately defines Load Balancing|Explains why it matters in practice|Gives a relevant example|Communicates clearly,Can you walk me through a time you used load balancing directly?|What challenges have you faced with load balancing?,3-4 minutes,5,System Design
SE059,Software Engineer,System Design,Horizontal vs Vertical Scaling,Easy,Can you explain Horizontal vs Vertical Scaling and why it matters in your role?,"Horizontal scaling adds more machines to handle load, while vertical scaling adds more resources (CPU/RAM) to an existing machine. A strong candidate would also give a concrete example of applying horizontal vs vertical scaling in a past project or scenario, showing not just definitional knowledge but practical judgment.",horizontal|vs|vertical|scaling,Accurately defines Horizontal vs Vertical Scaling|Explains why it matters in practice|Gives a relevant example|Communicates clearly,Can you walk me through a time you used horizontal vs vertical scaling directly?|What challenges have you faced with horizontal vs vertical scaling?,3-4 minutes,5,System Design
SE060,Software Engineer,System Design,CAP Theorem,Easy,Can you explain CAP Theorem and why it matters in your role?,"The CAP theorem states a distributed system can only guarantee two of Consistency, Availability, and Partition tolerance at the same time. A strong candidate would also give a concrete example of applying cap theorem in a past project or scenario, showing not just definitional knowledge but practical judgment.",cap|theorem,Accurately defines CAP Theorem|Explains why it matters in practice|Gives a relevant example|Communicates clearly,Can you walk me through a time you used cap theorem directly?|What challenges have you faced with cap theorem?,3-4 minutes,5,System Design
SE061,Software Engineer,Security,Authentication vs Authorization,Easy,Can you explain Authentication vs Authorization and why it matters in your role?,"Authentication verifies who a user is, while authorization determines what that user is allowed to do. A strong candidate would also give a concrete example of applying authentication vs authorization in a past project or scenario, showing not just definitional knowledge but practical judgment.",authentication|vs|authorization,Accurately defines Authentication vs Authorization|Explains why it matters in practice|Gives a relevant example|Communicates clearly,Can you walk me through a time you used authentication vs authorization directly?|What challenges have you faced with authentication vs authorization?,3-4 minutes,5,Security
SE062,Software Engineer,Security,SQL Injection,Easy,Can you explain SQL Injection and why it matters in your role?,"SQL injection occurs when untrusted input is inserted into a query without sanitization, letting attackers manipulate the database; parameterized queries prevent it. A strong candidate would also give a concrete example of applying sql injection in a past project or scenario, showing not just definitional knowledge but practical judgment.",sql|injection,Accurately defines SQL Injection|Explains why it matters in practice|Gives a relevant example|Communicates clearly,Can you walk me through a time you used sql injection directly?|What challenges have you faced with sql injection?,3-4 minutes,5,Security
SE063,Software Engineer,Security,JWT Tokens,Easy,Can you explain JWT Tokens and why it matters in your role?,"JSON Web Tokens are compact, signed tokens used to securely transmit claims between parties, commonly used for stateless authentication. A strong candidate would also give a concrete example of applying jwt tokens in a past project or scenario, showing not just definitional knowledge but practical judgment.",jwt|tokens,Accurately defines JWT Tokens|Explains why it matters in practice|Gives a relevant example|Communicates clearly,Can you walk me through a time you used jwt tokens directly?|What challenges have you faced with jwt tokens?,3-4 minutes,5,Security
SE064,Software Engineer,DevOps,CI/CD Pipelines,Easy,Can you explain CI/CD Pipelines and why it matters in your role?,"Continuous Integration/Continuous Deployment pipelines automatically build, test, and deploy code changes, catching issues early and speeding up releases. A strong candidate would also give a concrete example of applying ci/cd pipelines in a past project or scenario, showing not just definitional knowledge but practical judgment.",ci|cd|pipelines,Accurately defines CI/CD Pipelines|Explains why it matters in practice|Gives a relevant example|Communicates clearly,Can you walk me through a time you used ci/cd pipelines directly?|What challenges have you faced with ci/cd pipelines?,3-4 minutes,5,DevOps
SE065,Software Engineer,DevOps,Containerization,Easy,Can you explain Containerization and why it matters in your role?,"Containers package an application with its dependencies into a portable unit, and tools like Docker make environments consistent across machines. A strong candidate would also give a concrete example of applying containerization in a past project or scenario, showing not just definitional knowledge but practical judgment.",containerization,Accurately defines Containerization|Explains why it matters in practice|Gives a relevant example|Communicates clearly,Can you walk me through a time you used containerization directly?|What challenges have you faced with containerization?,3-4 minutes,5,DevOps
SE066,Software Engineer,DevOps,Kubernetes,Easy,Can you explain Kubernetes and why it matters in your role?,"Kubernetes orchestrates containerized applications, handling deployment, scaling, and self-healing across a cluster of machines. A strong candidate would also give a concrete example of applying kubernetes in a past project or scenario, showing not just definitional knowledge but practical judgment.",kubernetes,Accurately defines Kubernetes|Explains why it matters in practice|Gives a relevant example|Communicates clearly,Can you walk me through a time you used kubernetes directly?|What challenges have you faced with kubernetes?,3-4 minutes,5,DevOps
SE067,Software Engineer,Testing,Unit Testing,Easy,Can you explain Unit Testing and why it matters in your role?,"Unit tests verify small, isolated pieces of code (like a single function) behave correctly, forming the base of the testing pyramid. A strong candidate would also give a concrete example of applying unit testing in a past project or scenario, showing not just definitional knowledge but practical judgment.",unit|testing,Accurately defines Unit Testing|Explains why it matters in practice|Gives a relevant example|Communicates clearly,Can you walk me through a time you used unit testing directly?|What challenges have you faced with unit testing?,3-4 minutes,5,Testing
SE068,Software Engineer,Data Structures,Hash Tables,Hard,Describe a situation where you would apply Hash Tables on the job. How would you approach it?,"Hash tables map keys to values using a hash function, offering average O(1) lookup, insertion, and deletion, but require good collision handling (chaining or open addressing). In practice, a candidate should describe a step-by-step approach: assessing the situation, applying best practices related to hash tables, and evaluating the outcome, ideally referencing a real or realistic example.",hash|tables,Demonstrates practical understanding of Hash Tables|Provides a logical step-by-step approach|Considers risks or edge cases|Reflects on outcomes or lessons learned,What would you do differently next time regarding hash tables?|How do you measure success when handling hash tables?,4-5 minutes,6,Data Structures
SE069,Software Engineer,Data Structures,Binary Trees,Hard,Describe a situation where you would apply Binary Trees on the job. How would you approach it?,"Binary trees are hierarchical structures where each node has at most two children; binary search trees keep sorted order for O(log n) average search, insert, and delete. In practice, a candidate should describe a step-by-step approach: assessing the situation, applying best practices related to binary trees, and evaluating the outcome, ideally referencing a real or realistic example.",binary|trees,Demonstrates practical understanding of Binary Trees|Provides a logical step-by-step approach|Considers risks or edge cases|Reflects on outcomes or lessons learned,What would you do differently next time regarding binary trees?|How do you measure success when handling binary trees?,4-5 minutes,6,Data Structures
SE070,Software Engineer,Data Structures,Graphs,Hard,Describe a situation where you would apply Graphs on the job. How would you approach it?,"Graphs represent entities as nodes and relationships as edges, and can be directed/undirected or weighted; common traversals are BFS and DFS. In practice, a candidate should describe a step-by-step approach: assessing the situation, applying best practices related to graphs, and evaluating the outcome, ideally referencing a real or realistic example.",graphs,Demonstrates practical understanding of Graphs|Provides a logical step-by-step approach|Considers risks or edge cases|Reflects on outcomes or lessons learned,What would you do differently next time regarding graphs?|How do you measure success when handling graphs?,4-5 minutes,6,Data Structures
SE071,Software Engineer,Data Structures,Heaps,Hard,Describe a situation where you would apply Heaps on the job. How would you approach it?,"A heap is a complete binary tree that maintains the heap property (min-heap or max-heap), commonly used to implement priority queues in O(log n) insert/extract. In practice, a candidate should describe a step-by-step approach: assessing the situation, applying best practices related to heaps, and evaluating the outcome, ideally referencing a real or realistic example.",heaps,Demonstrates practical understanding of Heaps|Provides a logical step-by-step approach|Considers risks or edge cases|Reflects on outcomes or lessons learned,What would you do differently next time regarding heaps?|How do you measure success when handling heaps?,4-5 minutes,6,Data Structures
SE072,Software Engineer,Data Structures,Tries,Hard,Describe a situation where you would apply Tries on the job. How would you approach it?,"A trie is a tree structure specialized for storing strings, enabling fast prefix search, often used in autocomplete and spell-checking systems. In practice, a candidate should describe a step-by-step approach: assessing the situation, applying best practices related to tries, and evaluating the outcome, ideally referencing a real or realistic example.",tries,Demonstrates practical understanding of Tries|Provides a logical step-by-step approach|Considers risks or edge cases|Reflects on outcomes or lessons learned,What would you do differently next time regarding tries?|How do you measure success when handling tries?,4-5 minutes,6,Data Structures
SE073,Software Engineer,Algorithms,Sorting Algorithms,Hard,Describe a situation where you would apply Sorting Algorithms on the job. How would you approach it?,"Common sorting algorithms include quicksort, mergesort, and heapsort, each with different time/space trade-offs; quicksort averages O(n log n) but can degrade to O(n^2). In practice, a candidate should describe a step-by-step approach: assessing the situation, applying best practices related to sorting algorithms, and evaluating the outcome, ideally referencing a real or realistic example.",sorting|algorithms,Demonstrates practical understanding of Sorting Algorithms|Provides a logical step-by-step approach|Considers risks or edge cases|Reflects on outcomes or lessons learned,What would you do differently next time regarding sorting algorithms?|How do you measure success when handling sorting algorithms?,4-5 minutes,6,Algorithms
SE074,Software Engineer,Algorithms,Searching Algorithms,Hard,Describe a situation where you would apply Searching Algorithms on the job. How would you approach it?,"Binary search runs in O(log n) on sorted data by repeatedly halving the search space, while linear search runs in O(n) but works on unsorted data. In practice, a candidate should describe a step-by-step approach: assessing the situation, applying best practices related to searching algorithms, and evaluating the outcome, ideally referencing a real or realistic example.",searching|algorithms,Demonstrates practical understanding of Searching Algorithms|Provides a logical step-by-step approach|Considers risks or edge cases|Reflects on outcomes or lessons learned,What would you do differently next time regarding searching algorithms?|How do you measure success when handling searching algorithms?,4-5 minutes,6,Algorithms
SE075,Software Engineer,Algorithms,Dynamic Programming,Hard,Describe a situation where you would apply Dynamic Programming on the job. How would you approach it?,"Dynamic programming solves problems by breaking them into overlapping subproblems and storing results to avoid recomputation, trading memory for time. In practice, a candidate should describe a step-by-step approach: assessing the situation, applying best practices related to dynamic programming, and evaluating the outcome, ideally referencing a real or realistic example.",dynamic|programming,Demonstrates practical understanding of Dynamic Programming|Provides a logical step-by-step approach|Considers risks or edge cases|Reflects on outcomes or lessons learned,What would you do differently next time regarding dynamic programming?|How do you measure success when handling dynamic programming?,4-5 minutes,6,Algorithms
SE076,Software Engineer,Algorithms,Greedy Algorithms,Medium,Describe a situation where you would apply Greedy Algorithms on the job. How would you approach it?,"Greedy algorithms make the locally optimal choice at each step, which works for problems with the greedy-choice property such as Dijkstra's shortest path. In practice, a candidate should describe a step-by-step approach: assessing the situation, applying best practices related to greedy algorithms, and evaluating the outcome, ideally referencing a real or realistic example.",greedy|algorithms,Demonstrates practical understanding of Greedy Algorithms|Provides a logical step-by-step approach|Considers risks or edge cases|Reflects on outcomes or lessons learned,What would you do differently next time regarding greedy algorithms?|How do you measure success when handling greedy algorithms?,4-5 minutes,6,Algorithms
SE077,Software Engineer,Algorithms,Recursion,Medium,Describe a situation where you would apply Recursion on the job. How would you approach it?,"Recursion solves a problem by having a function call itself on smaller subproblems, requiring a clear base case to avoid infinite recursion and stack overflow. In practice, a candidate should describe a step-by-step approach: assessing the situation, applying best practices related to recursion, and evaluating the outcome, ideally referencing a real or realistic example.",recursion,Demonstrates practical understanding of Recursion|Provides a logical step-by-step approach|Considers risks or edge cases|Reflects on outcomes or lessons learned,What would you do differently next time regarding recursion?|How do you measure success when handling recursion?,4-5 minutes,6,Algorithms
SE078,Software Engineer,Algorithms,Big-O Notation,Medium,Describe a situation where you would apply Big-O Notation on the job. How would you approach it?,"Big-O notation describes how an algorithm's runtime or memory usage grows relative to input size, helping compare efficiency independent of hardware. In practice, a candidate should describe a step-by-step approach: assessing the situation, applying best practices related to big-o notation, and evaluating the outcome, ideally referencing a real or realistic example.",big-o|notation,Demonstrates practical understanding of Big-O Notation|Provides a logical step-by-step approach|Considers risks or edge cases|Reflects on outcomes or lessons learned,What would you do differently next time regarding big-o notation?|How do you measure success when handling big-o notation?,4-5 minutes,6,Algorithms
SE079,Software Engineer,Software Design,SOLID Principles,Medium,Describe a situation where you would apply SOLID Principles on the job. How would you approach it?,"SOLID is a set of five design principles (Single Responsibility, Open/Closed, Liskov Substitution, Interface Segregation, Dependency Inversion) that make code more maintainable. In practice, a candidate should describe a step-by-step approach: assessing the situation, applying best practices related to solid principles, and evaluating the outcome, ideally referencing a real or realistic example.",solid|principles,Demonstrates practical understanding of SOLID Principles|Provides a logical step-by-step approach|Considers risks or edge cases|Reflects on outcomes or lessons learned,What would you do differently next time regarding solid principles?|How do you measure success when handling solid principles?,4-5 minutes,6,Software Design
SE080,Software Engineer,Software Design,Design Patterns,Medium,Describe a situation where you would apply Design Patterns on the job. How would you approach it?,"Design patterns like Singleton, Factory, Observer, and Strategy are reusable solutions to common software design problems. In practice, a candidate should describe a step-by-step approach: assessing the situation, applying best practices related to design patterns, and evaluating the outcome, ideally referencing a real or realistic example.",design|patterns,Demonstrates practical understanding of Design Patterns|Provides a logical step-by-step approach|Considers risks or edge cases|Reflects on outcomes or lessons learned,What would you do differently next time regarding design patterns?|How do you measure success when handling design patterns?,4-5 minutes,6,Software Design
SE081,Software Engineer,Software Design,Dependency Injection,Medium,Describe a situation where you would apply Dependency Injection on the job. How would you approach it?,"Dependency injection supplies a class's dependencies from the outside rather than creating them internally, improving testability and decoupling. In practice, a candidate should describe a step-by-step approach: assessing the situation, applying best practices related to dependency injection, and evaluating the outcome, ideally referencing a real or realistic example.",dependency|injection,Demonstrates practical understanding of Dependency Injection|Provides a logical step-by-step approach|Considers risks or edge cases|Reflects on outcomes or lessons learned,What would you do differently next time regarding dependency injection?|How do you measure success when handling dependency injection?,4-5 minutes,6,Software Design
SE082,Software Engineer,Software Design,Clean Code,Medium,Describe a situation where you would apply Clean Code on the job. How would you approach it?,"Clean code emphasizes readability, meaningful naming, small functions, and minimal duplication so code is easy to maintain and extend. In practice, a candidate should describe a step-by-step approach: assessing the situation, applying best practices related to clean code, and evaluating the outcome, ideally referencing a real or realistic example.",clean|code,Demonstrates practical understanding of Clean Code|Provides a logical step-by-step approach|Considers risks or edge cases|Reflects on outcomes or lessons learned,What would you do differently next time regarding clean code?|How do you measure success when handling clean code?,4-5 minutes,6,Software Design
SE083,Software Engineer,Backend Development,REST APIs,Medium,Describe a situation where you would apply REST APIs on the job. How would you approach it?,"REST APIs use standard HTTP verbs (GET, POST, PUT, DELETE) and stateless requests to expose resources, typically returning JSON. In practice, a candidate should describe a step-by-step approach: assessing the situation, applying best practices related to rest apis, and evaluating the outcome, ideally referencing a real or realistic example.",rest|apis,Demonstrates practical understanding of REST APIs|Provides a logical step-by-step approach|Considers risks or edge cases|Reflects on outcomes or lessons learned,What would you do differently next time regarding rest apis?|How do you measure success when handling rest apis?,4-5 minutes,6,Backend Development
SE084,Software Engineer,Backend Development,GraphQL,Medium,Describe a situation where you would apply GraphQL on the job. How would you approach it?,"GraphQL lets clients request exactly the data they need through a single endpoint and a strongly typed schema, reducing over-fetching compared to REST. In practice, a candidate should describe a step-by-step approach: assessing the situation, applying best practices related to graphql, and evaluating the outcome, ideally referencing a real or realistic example.",graphql,Demonstrates practical understanding of GraphQL|Provides a logical step-by-step approach|Considers risks or edge cases|Reflects on outcomes or lessons learned,What would you do differently next time regarding graphql?|How do you measure success when handling graphql?,4-5 minutes,6,Backend Development
SE085,Software Engineer,Backend Development,Microservices,Medium,Describe a situation where you would apply Microservices on the job. How would you approach it?,"Microservices architecture splits an application into small, independently deployable services communicating over the network, improving scalability but adding operational complexity. In practice, a candidate should describe a step-by-step approach: assessing the situation, applying best practices related to microservices, and evaluating the outcome, ideally referencing a real or realistic example.",microservices,Demonstrates practical understanding of Microservices|Provides a logical step-by-step approach|Considers risks or edge cases|Reflects on outcomes or lessons learned,What would you do differently next time regarding microservices?|How do you measure success when handling microservices?,4-5 minutes,6,Backend Development
SE086,Software Engineer,Backend Development,Message Queues,Medium,Describe a situation where you would apply Message Queues on the job. How would you approach it?,"Message queues like RabbitMQ or Kafka decouple producers and consumers, enabling asynchronous processing and better fault tolerance. In practice, a candidate should describe a step-by-step approach: assessing the situation, applying best practices related to message queues, and evaluating the outcome, ideally referencing a real or realistic example.",message|queues,Demonstrates practical understanding of Message Queues|Provides a logical step-by-step approach|Considers risks or edge cases|Reflects on outcomes or lessons learned,What would you do differently next time regarding message queues?|How do you measure success when handling message queues?,4-5 minutes,6,Backend Development
SE087,Software Engineer,Backend Development,Caching,Medium,Describe a situation where you would apply Caching on the job. How would you approach it?,"Caching stores frequently accessed data in fast storage (like Redis) to reduce latency and database load, requiring a strategy for invalidation. In practice, a candidate should describe a step-by-step approach: assessing the situation, applying best practices related to caching, and evaluating the outcome, ideally referencing a real or realistic example.",caching,Demonstrates practical understanding of Caching|Provides a logical step-by-step approach|Considers risks or edge cases|Reflects on outcomes or lessons learned,What would you do differently next time regarding caching?|How do you measure success when handling caching?,4-5 minutes,6,Backend Development
SE088,Software Engineer,Concurrency,Threads and Processes,Medium,Describe a situation where you would apply Threads and Processes on the job. How would you approach it?,"Threads share memory within a process and are lighter weight, while processes have isolated memory; choosing between them depends on isolation and communication needs. In practice, a candidate should describe a step-by-step approach: assessing the situation, applying best practices related to threads and processes, and evaluating the outcome, ideally referencing a real or realistic example.",threads|and|processes,Demonstrates practical understanding of Threads and Processes|Provides a logical step-by-step approach|Considers risks or edge cases|Reflects on outcomes or lessons learned,What would you do differently next time regarding threads and processes?|How do you measure success when handling threads and processes?,4-5 minutes,6,Concurrency
SE089,Software Engineer,Concurrency,Race Conditions,Medium,Describe a situation where you would apply Race Conditions on the job. How would you approach it?,"A race condition occurs when multiple threads access shared data concurrently without proper synchronization, leading to unpredictable results. In practice, a candidate should describe a step-by-step approach: assessing the situation, applying best practices related to race conditions, and evaluating the outcome, ideally referencing a real or realistic example.",race|conditions,Demonstrates practical understanding of Race Conditions|Provides a logical step-by-step approach|Considers risks or edge cases|Reflects on outcomes or lessons learned,What would you do differently next time regarding race conditions?|How do you measure success when handling race conditions?,4-5 minutes,6,Concurrency
SE090,Software Engineer,Concurrency,Deadlocks,Medium,Describe a situation where you would apply Deadlocks on the job. How would you approach it?,"A deadlock happens when two or more threads wait indefinitely for resources held by each other; prevention strategies include lock ordering and timeouts. In practice, a candidate should describe a step-by-step approach: assessing the situation, applying best practices related to deadlocks, and evaluating the outcome, ideally referencing a real or realistic example.",deadlocks,Demonstrates practical understanding of Deadlocks|Provides a logical step-by-step approach|Considers risks or edge cases|Reflects on outcomes or lessons learned,What would you do differently next time regarding deadlocks?|How do you measure success when handling deadlocks?,4-5 minutes,6,Concurrency
SE091,Software Engineer,Concurrency,Async/Await,Medium,Describe a situation where you would apply Async/Await on the job. How would you approach it?,"Async/await lets code perform non-blocking operations, allowing a program to continue executing other work while waiting for I/O to complete. In practice, a candidate should describe a step-by-step approach: assessing the situation, applying best practices related to async/await, and evaluating the outcome, ideally referencing a real or realistic example.",async|await,Demonstrates practical understanding of Async/Await|Provides a logical step-by-step approach|Considers risks or edge cases|Reflects on outcomes or lessons learned,What would you do differently next time regarding async/await?|How do you measure success when handling async/await?,4-5 minutes,6,Concurrency
SE092,Software Engineer,Database,Database Indexing,Medium,Describe a situation where you would apply Database Indexing on the job. How would you approach it?,"Indexes speed up read queries by creating an ordered lookup structure, at the cost of extra storage and slower writes. In practice, a candidate should describe a step-by-step approach: assessing the situation, applying best practices related to database indexing, and evaluating the outcome, ideally referencing a real or realistic example.",database|indexing,Demonstrates practical understanding of Database Indexing|Provides a logical step-by-step approach|Considers risks or edge cases|Reflects on outcomes or lessons learned,What would you do differently next time regarding database indexing?|How do you measure success when handling database indexing?,4-5 minutes,6,Database
SE093,Software Engineer,Database,Database Normalization,Medium,Describe a situation where you would apply Database Normalization on the job. How would you approach it?,"Normalization organizes tables to reduce redundancy and improve data integrity, typically progressing through 1NF, 2NF, and 3NF. In practice, a candidate should describe a step-by-step approach: assessing the situation, applying best practices related to database normalization, and evaluating the outcome, ideally referencing a real or realistic example.",database|normalization,Demonstrates practical understanding of Database Normalization|Provides a logical step-by-step approach|Considers risks or edge cases|Reflects on outcomes or lessons learned,What would you do differently next time regarding database normalization?|How do you measure success when handling database normalization?,4-5 minutes,6,Database
SE094,Software Engineer,Database,Transactions,Medium,Describe a situation where you would apply Transactions on the job. How would you approach it?,"A database transaction groups operations so they either all succeed or all fail, guaranteeing ACID properties (Atomicity, Consistency, Isolation, Durability). In practice, a candidate should describe a step-by-step approach: assessing the situation, applying best practices related to transactions, and evaluating the outcome, ideally referencing a real or realistic example.",transactions,Demonstrates practical understanding of Transactions|Provides a logical step-by-step approach|Considers risks or edge cases|Reflects on outcomes or lessons learned,What would you do differently next time regarding transactions?|How do you measure success when handling transactions?,4-5 minutes,6,Database
SE095,Software Engineer,System Design,Load Balancing,Medium,Describe a situation where you would apply Load Balancing on the job. How would you approach it?,"Load balancers distribute incoming traffic across multiple servers to improve availability and prevent any single server from being overwhelmed. In practice, a candidate should describe a step-by-step approach: assessing the situation, applying best practices related to load balancing, and evaluating the outcome, ideally referencing a real or realistic example.",load|balancing,Demonstrates practical understanding of Load Balancing|Provides a logical step-by-step approach|Considers risks or edge cases|Reflects on outcomes or lessons learned,What would you do differently next time regarding load balancing?|How do you measure success when handling load balancing?,4-5 minutes,6,System Design
SE096,Software Engineer,System Design,Horizontal vs Vertical Scaling,Medium,Describe a situation where you would apply Horizontal vs Vertical Scaling on the job. How would you approach it?,"Horizontal scaling adds more machines to handle load, while vertical scaling adds more resources (CPU/RAM) to an existing machine. In practice, a candidate should describe a step-by-step approach: assessing the situation, applying best practices related to horizontal vs vertical scaling, and evaluating the outcome, ideally referencing a real or realistic example.",horizontal|vs|vertical|scaling,Demonstrates practical understanding of Horizontal vs Vertical Scaling|Provides a logical step-by-step approach|Considers risks or edge cases|Reflects on outcomes or lessons learned,What would you do differently next time regarding horizontal vs vertical scaling?|How do you measure success when handling horizontal vs vertical scaling?,4-5 minutes,6,System Design
SE097,Software Engineer,System Design,CAP Theorem,Medium,Describe a situation where you would apply CAP Theorem on the job. How would you approach it?,"The CAP theorem states a distributed system can only guarantee two of Consistency, Availability, and Partition tolerance at the same time. In practice, a candidate should describe a step-by-step approach: assessing the situation, applying best practices related to cap theorem, and evaluating the outcome, ideally referencing a real or realistic example.",cap|theorem,Demonstrates practical understanding of CAP Theorem|Provides a logical step-by-step approach|Considers risks or edge cases|Reflects on outcomes or lessons learned,What would you do differently next time regarding cap theorem?|How do you measure success when handling cap theorem?,4-5 minutes,6,System Design
SE098,Software Engineer,Security,Authentication vs Authorization,Medium,Describe a situation where you would apply Authentication vs Authorization on the job. How would you approach it?,"Authentication verifies who a user is, while authorization determines what that user is allowed to do. In practice, a candidate should describe a step-by-step approach: assessing the situation, applying best practices related to authentication vs authorization, and evaluating the outcome, ideally referencing a real or realistic example.",authentication|vs|authorization,Demonstrates practical understanding of Authentication vs Authorization|Provides a logical step-by-step approach|Considers risks or edge cases|Reflects on outcomes or lessons learned,What would you do differently next time regarding authentication vs authorization?|How do you measure success when handling authentication vs authorization?,4-5 minutes,6,Security
SE099,Software Engineer,Security,SQL Injection,Medium,Describe a situation where you would apply SQL Injection on the job. How would you approach it?,"SQL injection occurs when untrusted input is inserted into a query without sanitization, letting attackers manipulate the database; parameterized queries prevent it. In practice, a candidate should describe a step-by-step approach: assessing the situation, applying best practices related to sql injection, and evaluating the outcome, ideally referencing a real or realistic example.",sql|injection,Demonstrates practical understanding of SQL Injection|Provides a logical step-by-step approach|Considers risks or edge cases|Reflects on outcomes or lessons learned,What would you do differently next time regarding sql injection?|How do you measure success when handling sql injection?,4-5 minutes,6,Security
SE100,Software Engineer,Security,JWT Tokens,Medium,Describe a situation where you would apply JWT Tokens on the job. How would you approach it?,"JSON Web Tokens are compact, signed tokens used to securely transmit claims between parties, commonly used for stateless authentication. In practice, a candidate should describe a step-by-step approach: assessing the situation, applying best practices related to jwt tokens, and evaluating the outcome, ideally referencing a real or realistic example.",jwt|tokens,Demonstrates practical understanding of JWT Tokens|Provides a logical step-by-step approach|Considers risks or edge cases|Reflects on outcomes or lessons learned,What would you do differently next time regarding jwt tokens?|How do you measure success when handling jwt tokens?,4-5 minutes,6,Security
TCH021,Teacher,Teaching Methodology,Lesson Planning,Medium,Can you explain Lesson Planning and why it matters in your role?,"Effective lesson planning defines clear objectives, engaging activities, and assessment methods aligned to the curriculum and students' needs. A strong candidate would also give a concrete example of applying lesson planning in a past project or scenario, showing not just definitional knowledge but practical judgment.",lesson|planning,Accurately defines Lesson Planning|Explains why it matters in practice|Gives a relevant example|Communicates clearly,Can you walk me through a time you used lesson planning directly?|What challenges have you faced with lesson planning?,3-4 minutes,5,Teaching Methodology
TCH022,Teacher,Teaching Methodology,Differentiated Instruction,Medium,Can you explain Differentiated Instruction and why it matters in your role?,"Differentiated instruction adapts content, process, and assessment to accommodate students' varying readiness levels, interests, and learning profiles. A strong candidate would also give a concrete example of applying differentiated instruction in a past project or scenario, showing not just definitional knowledge but practical judgment.",differentiated|instruction,Accurately defines Differentiated Instruction|Explains why it matters in practice|Gives a relevant example|Communicates clearly,Can you walk me through a time you used differentiated instruction directly?|What challenges have you faced with differentiated instruction?,3-4 minutes,5,Teaching Methodology
TCH023,Teacher,Teaching Methodology,Bloom's Taxonomy,Medium,Can you explain Bloom's Taxonomy and why it matters in your role?,"Bloom's Taxonomy is a hierarchy of learning objectives from remembering and understanding up to analyzing, evaluating, and creating, used to design deeper learning tasks. A strong candidate would also give a concrete example of applying bloom's taxonomy in a past project or scenario, showing not just definitional knowledge but practical judgment.",bloom's|taxonomy,Accurately defines Bloom's Taxonomy|Explains why it matters in practice|Gives a relevant example|Communicates clearly,Can you walk me through a time you used bloom's taxonomy directly?|What challenges have you faced with bloom's taxonomy?,3-4 minutes,5,Teaching Methodology
TCH024,Teacher,Teaching Methodology,Project-Based Learning,Medium,Can you explain Project-Based Learning and why it matters in your role?,"Project-based learning has students investigate a real-world problem over time, building knowledge and skills through an authentic, extended project. A strong candidate would also give a concrete example of applying project-based learning in a past project or scenario, showing not just definitional knowledge but practical judgment.",project-based|learning,Accurately defines Project-Based Learning|Explains why it matters in practice|Gives a relevant example|Communicates clearly,Can you walk me through a time you used project-based learning directly?|What challenges have you faced with project-based learning?,3-4 minutes,5,Teaching Methodology
TCH025,Teacher,Teaching Methodology,Flipped Classroom,Medium,Can you explain Flipped Classroom and why it matters in your role?,"In a flipped classroom, students review instructional content at home and use class time for interactive, application-based activities with teacher support. A strong candidate would also give a concrete example of applying flipped classroom in a past project or scenario, showing not just definitional knowledge but practical judgment.",flipped|classroom,Accurately defines Flipped Classroom|Explains why it matters in practice|Gives a relevant example|Communicates clearly,Can you walk me through a time you used flipped classroom directly?|What challenges have you faced with flipped classroom?,3-4 minutes,5,Teaching Methodology
TCH026,Teacher,Teaching Methodology,Scaffolding,Medium,Can you explain Scaffolding and why it matters in your role?,"Scaffolding provides temporary support structures that help students accomplish tasks just beyond their current ability, gradually removed as competence grows. A strong candidate would also give a concrete example of applying scaffolding in a past project or scenario, showing not just definitional knowledge but practical judgment.",scaffolding,Accurately defines Scaffolding|Explains why it matters in practice|Gives a relevant example|Communicates clearly,Can you walk me through a time you used scaffolding directly?|What challenges have you faced with scaffolding?,3-4 minutes,5,Teaching Methodology
TCH027,Teacher,Teaching Methodology,Cooperative Learning,Medium,Can you explain Cooperative Learning and why it matters in your role?,"Cooperative learning organizes students into small groups working toward a shared goal, building both academic and social skills. A strong candidate would also give a concrete example of applying cooperative learning in a past project or scenario, showing not just definitional knowledge but practical judgment.",cooperative|learning,Accurately defines Cooperative Learning|Explains why it matters in practice|Gives a relevant example|Communicates clearly,Can you walk me through a time you used cooperative learning directly?|What challenges have you faced with cooperative learning?,3-4 minutes,5,Teaching Methodology
TCH028,Teacher,Assessment,Formative vs Summative Assessment,Medium,Can you explain Formative vs Summative Assessment and why it matters in your role?,"Formative assessment monitors learning during instruction to guide teaching, while summative assessment evaluates learning at the end of a unit or course. A strong candidate would also give a concrete example of applying formative vs summative assessment in a past project or scenario, showing not just definitional knowledge but practical judgment.",formative|vs|summative|assessment,Accurately defines Formative vs Summative Assessment|Explains why it matters in practice|Gives a relevant example|Communicates clearly,Can you walk me through a time you used formative vs summative assessment directly?|What challenges have you faced with formative vs summative assessment?,3-4 minutes,5,Assessment
TCH029,Teacher,Assessment,Rubric Design,Medium,Can you explain Rubric Design and why it matters in your role?,"A well-designed rubric defines clear criteria and performance levels so students understand expectations and grading is consistent and transparent. A strong candidate would also give a concrete example of applying rubric design in a past project or scenario, showing not just definitional knowledge but practical judgment.",rubric|design,Accurately defines Rubric Design|Explains why it matters in practice|Gives a relevant example|Communicates clearly,Can you walk me through a time you used rubric design directly?|What challenges have you faced with rubric design?,3-4 minutes,5,Assessment
TCH030,Teacher,Assessment,Standardized Testing,Medium,Can you explain Standardized Testing and why it matters in your role?,"Standardized tests measure student performance against a common benchmark, but should be balanced with other assessment types for a fuller picture of learning. A strong candidate would also give a concrete example of applying standardized testing in a past project or scenario, showing not just definitional knowledge but practical judgment.",standardized|testing,Accurately defines Standardized Testing|Explains why it matters in practice|Gives a relevant example|Communicates clearly,Can you walk me through a time you used standardized testing directly?|What challenges have you faced with standardized testing?,3-4 minutes,5,Assessment
TCH031,Teacher,Assessment,Peer Assessment,Medium,Can you explain Peer Assessment and why it matters in your role?,"Peer assessment has students evaluate each other's work using clear criteria, building critical thinking and giving varied feedback perspectives. A strong candidate would also give a concrete example of applying peer assessment in a past project or scenario, showing not just definitional knowledge but practical judgment.",peer|assessment,Accurately defines Peer Assessment|Explains why it matters in practice|Gives a relevant example|Communicates clearly,Can you walk me through a time you used peer assessment directly?|What challenges have you faced with peer assessment?,3-4 minutes,5,Assessment
TCH032,Teacher,Classroom Management,Positive Reinforcement,Easy,Can you explain Positive Reinforcement and why it matters in your role?,"Positive reinforcement rewards desired behaviors to increase their likelihood, creating a supportive classroom climate rather than relying on punishment. A strong candidate would also give a concrete example of applying positive reinforcement in a past project or scenario, showing not just definitional knowledge but practical judgment.",positive|reinforcement,Accurately defines Positive Reinforcement|Explains why it matters in practice|Gives a relevant example|Communicates clearly,Can you walk me through a time you used positive reinforcement directly?|What challenges have you faced with positive reinforcement?,3-4 minutes,5,Classroom Management
TCH033,Teacher,Classroom Management,Classroom Rules,Easy,Can you explain Classroom Rules and why it matters in your role?,"Clear, consistently enforced classroom rules set expectations early and are most effective when co-created with students. A strong candidate would also give a concrete example of applying classroom rules in a past project or scenario, showing not just definitional knowledge but practical judgment.",classroom|rules,Accurately defines Classroom Rules|Explains why it matters in practice|Gives a relevant example|Communicates clearly,Can you walk me through a time you used classroom rules directly?|What challenges have you faced with classroom rules?,3-4 minutes,5,Classroom Management
TCH034,Teacher,Classroom Management,Behavior Management Plans,Easy,Can you explain Behavior Management Plans and why it matters in your role?,"A behavior management plan outlines specific strategies and consequences for individual students who need extra structure to succeed. A strong candidate would also give a concrete example of applying behavior management plans in a past project or scenario, showing not just definitional knowledge but practical judgment.",behavior|management|plans,Accurately defines Behavior Management Plans|Explains why it matters in practice|Gives a relevant example|Communicates clearly,Can you walk me through a time you used behavior management plans directly?|What challenges have you faced with behavior management plans?,3-4 minutes,5,Classroom Management
TCH035,Teacher,Classroom Management,Bullying Prevention,Easy,Can you explain Bullying Prevention and why it matters in your role?,"Effective bullying prevention combines clear policies, proactive monitoring, and teaching empathy and conflict-resolution skills. A strong candidate would also give a concrete example of applying bullying prevention in a past project or scenario, showing not just definitional knowledge but practical judgment.",bullying|prevention,Accurately defines Bullying Prevention|Explains why it matters in practice|Gives a relevant example|Communicates clearly,Can you walk me through a time you used bullying prevention directly?|What challenges have you faced with bullying prevention?,3-4 minutes,5,Classroom Management
TCH036,Teacher,Classroom Management,Restorative Practices,Easy,Can you explain Restorative Practices and why it matters in your role?,"Restorative practices focus on repairing harm and rebuilding relationships after conflict, rather than purely punitive discipline. A strong candidate would also give a concrete example of applying restorative practices in a past project or scenario, showing not just definitional knowledge but practical judgment.",restorative|practices,Accurately defines Restorative Practices|Explains why it matters in practice|Gives a relevant example|Communicates clearly,Can you walk me through a time you used restorative practices directly?|What challenges have you faced with restorative practices?,3-4 minutes,5,Classroom Management
TCH037,Teacher,Communication,Parent-Teacher Communication,Easy,Can you explain Parent-Teacher Communication and why it matters in your role?,"Regular, proactive communication with parents about progress and concerns builds trust and supports consistent expectations between home and school. A strong candidate would also give a concrete example of applying parent-teacher communication in a past project or scenario, showing not just definitional knowledge but practical judgment.",parent-teacher|communication,Accurately defines Parent-Teacher Communication|Explains why it matters in practice|Gives a relevant example|Communicates clearly,Can you walk me through a time you used parent-teacher communication directly?|What challenges have you faced with parent-teacher communication?,3-4 minutes,5,Communication
TCH038,Teacher,Communication,Feedback Techniques,Easy,Can you explain Feedback Techniques and why it matters in your role?,"Effective feedback is specific, timely, and actionable, focusing on the work rather than the student to encourage a growth mindset. A strong candidate would also give a concrete example of applying feedback techniques in a past project or scenario, showing not just definitional knowledge but practical judgment.",feedback|techniques,Accurately defines Feedback Techniques|Explains why it matters in practice|Gives a relevant example|Communicates clearly,Can you walk me through a time you used feedback techniques directly?|What challenges have you faced with feedback techniques?,3-4 minutes,5,Communication
TCH039,Teacher,Communication,Communication With Administration,Easy,Can you explain Communication With Administration and why it matters in your role?,"Clear, professional communication with school administration ensures alignment on policies, resources, and student support plans. A strong candidate would also give a concrete example of applying communication with administration in a past project or scenario, showing not just definitional knowledge but practical judgment.",communication|with|administration,Accurately defines Communication With Administration|Explains why it matters in practice|Gives a relevant example|Communicates clearly,Can you walk me through a time you used communication with administration directly?|What challenges have you faced with communication with administration?,3-4 minutes,5,Communication
TCH040,Teacher,Ethics,Academic Integrity,Easy,Can you explain Academic Integrity and why it matters in your role?,"Upholding academic integrity means preventing and addressing plagiarism and cheating fairly and consistently while teaching students why honesty matters. A strong candidate would also give a concrete example of applying academic integrity in a past project or scenario, showing not just definitional knowledge but practical judgment.",academic|integrity,Accurately defines Academic Integrity|Explains why it matters in practice|Gives a relevant example|Communicates clearly,Can you walk me through a time you used academic integrity directly?|What challenges have you faced with academic integrity?,3-4 minutes,5,Ethics
TCH041,Teacher,Ethics,Student Data Privacy,Easy,Can you explain Student Data Privacy and why it matters in your role?,"Teachers must protect student records and personal data in line with school policy and relevant privacy regulations. A strong candidate would also give a concrete example of applying student data privacy in a past project or scenario, showing not just definitional knowledge but practical judgment.",student|data|privacy,Accurately defines Student Data Privacy|Explains why it matters in practice|Gives a relevant example|Communicates clearly,Can you walk me through a time you used student data privacy directly?|What challenges have you faced with student data privacy?,3-4 minutes,5,Ethics
TCH042,Teacher,Ethics,Cultural Diversity in the Classroom,Easy,Can you explain Cultural Diversity in the Classroom and why it matters in your role?,"Culturally responsive teaching values students' diverse backgrounds and adapts materials and examples to be inclusive and relevant. A strong candidate would also give a concrete example of applying cultural diversity in the classroom in a past project or scenario, showing not just definitional knowledge but practical judgment.",cultural|diversity|in|the|classroom,Accurately defines Cultural Diversity in the Classroom|Explains why it matters in practice|Gives a relevant example|Communicates clearly,Can you walk me through a time you used cultural diversity in the classroom directly?|What challenges have you faced with cultural diversity in the classroom?,3-4 minutes,5,Ethics
TCH043,Teacher,Technology in Education,Blended Learning,Easy,Can you explain Blended Learning and why it matters in your role?,"Blended learning combines face-to-face instruction with online components, giving students more control over pace and path. A strong candidate would also give a concrete example of applying blended learning in a past project or scenario, showing not just definitional knowledge but practical judgment.",blended|learning,Accurately defines Blended Learning|Explains why it matters in practice|Gives a relevant example|Communicates clearly,Can you walk me through a time you used blended learning directly?|What challenges have you faced with blended learning?,3-4 minutes,5,Technology in Education
TCH044,Teacher,Technology in Education,Educational Technology Tools,Easy,Can you explain Educational Technology Tools and why it matters in your role?,"EdTech tools like LMS platforms, quiz apps, and collaborative documents can boost engagement when used purposefully rather than for novelty. A strong candidate would also give a concrete example of applying educational technology tools in a past project or scenario, showing not just definitional knowledge but practical judgment.",educational|technology|tools,Accurately defines Educational Technology Tools|Explains why it matters in practice|Gives a relevant example|Communicates clearly,Can you walk me through a time you used educational technology tools directly?|What challenges have you faced with educational technology tools?,3-4 minutes,5,Technology in Education
TCH045,Teacher,Technology in Education,Remote Teaching,Easy,Can you explain Remote Teaching and why it matters in your role?,"Effective remote teaching requires clear routines, accessible materials, and extra effort to keep students engaged without in-person cues. A strong candidate would also give a concrete example of applying remote teaching in a past project or scenario, showing not just definitional knowledge but practical judgment.",remote|teaching,Accurately defines Remote Teaching|Explains why it matters in practice|Gives a relevant example|Communicates clearly,Can you walk me through a time you used remote teaching directly?|What challenges have you faced with remote teaching?,3-4 minutes,5,Technology in Education
TCH046,Teacher,Student Development,Growth Mindset,Easy,Can you explain Growth Mindset and why it matters in your role?,"A growth mindset is the belief that abilities can be developed through effort, and teachers foster it by praising process over innate talent. A strong candidate would also give a concrete example of applying growth mindset in a past project or scenario, showing not just definitional knowledge but practical judgment.",growth|mindset,Accurately defines Growth Mindset|Explains why it matters in practice|Gives a relevant example|Communicates clearly,Can you walk me through a time you used growth mindset directly?|What challenges have you faced with growth mindset?,3-4 minutes,5,Student Development
TCH047,Teacher,Student Development,Motivation Strategies,Easy,Can you explain Motivation Strategies and why it matters in your role?,"Motivation strategies include connecting content to student interests, offering choice, and celebrating incremental progress. A strong candidate would also give a concrete example of applying motivation strategies in a past project or scenario, showing not just definitional knowledge but practical judgment.",motivation|strategies,Accurately defines Motivation Strategies|Explains why it matters in practice|Gives a relevant example|Communicates clearly,Can you walk me through a time you used motivation strategies directly?|What challenges have you faced with motivation strategies?,3-4 minutes,5,Student Development
TCH048,Teacher,Student Development,Inclusive Education,Easy,Can you explain Inclusive Education and why it matters in your role?,"Inclusive education ensures students with diverse needs, including disabilities, learn alongside peers with appropriate accommodations. A strong candidate would also give a concrete example of applying inclusive education in a past project or scenario, showing not just definitional knowledge but practical judgment.",inclusive|education,Accurately defines Inclusive Education|Explains why it matters in practice|Gives a relevant example|Communicates clearly,Can you walk me through a time you used inclusive education directly?|What challenges have you faced with inclusive education?,3-4 minutes,5,Student Development
TCH049,Teacher,Student Development,Individualized Education Plans,Easy,Can you explain Individualized Education Plans and why it matters in your role?,"An IEP is a legally binding plan outlining specific accommodations and goals for a student with disabilities, developed with parents and specialists. A strong candidate would also give a concrete example of applying individualized education plans in a past project or scenario, showing not just definitional knowledge but practical judgment.",individualized|education|plans,Accurately defines Individualized Education Plans|Explains why it matters in practice|Gives a relevant example|Communicates clearly,Can you walk me through a time you used individualized education plans directly?|What challenges have you faced with individualized education plans?,3-4 minutes,5,Student Development
TCH050,Teacher,Problem Solving,Handling Difficult Parents,Easy,Can you explain Handling Difficult Parents and why it matters in your role?,"Handling a difficult parent conversation requires active listening, staying calm, focusing on the student's needs, and following up in writing. A strong candidate would also give a concrete example of applying handling difficult parents in a past project or scenario, showing not just definitional knowledge but practical judgment.",handling|difficult|parents,Accurately defines Handling Difficult Parents|Explains why it matters in practice|Gives a relevant example|Communicates clearly,Can you walk me through a time you used handling difficult parents directly?|What challenges have you faced with handling difficult parents?,3-4 minutes,5,Problem Solving
TCH051,Teacher,Problem Solving,Managing Attendance Issues,Easy,Can you explain Managing Attendance Issues and why it matters in your role?,"Addressing chronic absenteeism involves identifying root causes, communicating with families, and connecting them with school support resources. A strong candidate would also give a concrete example of applying managing attendance issues in a past project or scenario, showing not just definitional knowledge but practical judgment.",managing|attendance|issues,Accurately defines Managing Attendance Issues|Explains why it matters in practice|Gives a relevant example|Communicates clearly,Can you walk me through a time you used managing attendance issues directly?|What challenges have you faced with managing attendance issues?,3-4 minutes,5,Problem Solving
TCH052,Teacher,Problem Solving,Teacher Burnout Management,Easy,Can you explain Teacher Burnout Management and why it matters in your role?,"Managing burnout involves setting boundaries, seeking peer support, and using school resources, since a sustainable teacher benefits students long-term. A strong candidate would also give a concrete example of applying teacher burnout management in a past project or scenario, showing not just definitional knowledge but practical judgment.",teacher|burnout|management,Accurately defines Teacher Burnout Management|Explains why it matters in practice|Gives a relevant example|Communicates clearly,Can you walk me through a time you used teacher burnout management directly?|What challenges have you faced with teacher burnout management?,3-4 minutes,5,Problem Solving
TCH053,Teacher,Curriculum,Curriculum Standards Alignment,Easy,Can you explain Curriculum Standards Alignment and why it matters in your role?,"Aligning lessons to curriculum standards ensures instruction covers required competencies while still allowing room for creativity. A strong candidate would also give a concrete example of applying curriculum standards alignment in a past project or scenario, showing not just definitional knowledge but practical judgment.",curriculum|standards|alignment,Accurately defines Curriculum Standards Alignment|Explains why it matters in practice|Gives a relevant example|Communicates clearly,Can you walk me through a time you used curriculum standards alignment directly?|What challenges have you faced with curriculum standards alignment?,3-4 minutes,5,Curriculum
TCH054,Teacher,Curriculum,Cross-Curricular Teaching,Easy,Can you explain Cross-Curricular Teaching and why it matters in your role?,"Cross-curricular teaching connects concepts across subjects, such as using math skills in a science project, to deepen understanding. A strong candidate would also give a concrete example of applying cross-curricular teaching in a past project or scenario, showing not just definitional knowledge but practical judgment.",cross-curricular|teaching,Accurately defines Cross-Curricular Teaching|Explains why it matters in practice|Gives a relevant example|Communicates clearly,Can you walk me through a time you used cross-curricular teaching directly?|What challenges have you faced with cross-curricular teaching?,3-4 minutes,5,Curriculum
TCH055,Teacher,Curriculum,STEM Education,Easy,Can you explain STEM Education and why it matters in your role?,"STEM education integrates science, technology, engineering, and math through hands-on, inquiry-based activities. A strong candidate would also give a concrete example of applying stem education in a past project or scenario, showing not just definitional knowledge but practical judgment.",stem|education,Accurately defines STEM Education|Explains why it matters in practice|Gives a relevant example|Communicates clearly,Can you walk me through a time you used stem education directly?|What challenges have you faced with stem education?,3-4 minutes,5,Curriculum
TCH056,Teacher,Assessment,Grading Fairness,Easy,Can you explain Grading Fairness and why it matters in your role?,"Fair grading applies consistent criteria to all students and separates behavior/effort from mastery of content when assigning academic grades. A strong candidate would also give a concrete example of applying grading fairness in a past project or scenario, showing not just definitional knowledge but practical judgment.",grading|fairness,Accurately defines Grading Fairness|Explains why it matters in practice|Gives a relevant example|Communicates clearly,Can you walk me through a time you used grading fairness directly?|What challenges have you faced with grading fairness?,3-4 minutes,5,Assessment
TCH057,Teacher,Classroom Management,Co-Teaching Models,Easy,Can you explain Co-Teaching Models and why it matters in your role?,"Co-teaching models like team teaching or station teaching let two educators share instructional responsibility for a diverse classroom. A strong candidate would also give a concrete example of applying co-teaching models in a past project or scenario, showing not just definitional knowledge but practical judgment.",co-teaching|models,Accurately defines Co-Teaching Models|Explains why it matters in practice|Gives a relevant example|Communicates clearly,Can you walk me through a time you used co-teaching models directly?|What challenges have you faced with co-teaching models?,3-4 minutes,5,Classroom Management
TCH058,Teacher,Student Development,Trauma-Informed Teaching,Easy,Can you explain Trauma-Informed Teaching and why it matters in your role?,"Trauma-informed teaching recognizes signs of stress in students and creates a predictable, safe environment that supports emotional regulation. A strong candidate would also give a concrete example of applying trauma-informed teaching in a past project or scenario, showing not just definitional knowledge but practical judgment.",trauma-informed|teaching,Accurately defines Trauma-Informed Teaching|Explains why it matters in practice|Gives a relevant example|Communicates clearly,Can you walk me through a time you used trauma-informed teaching directly?|What challenges have you faced with trauma-informed teaching?,3-4 minutes,5,Student Development
TCH059,Teacher,Teaching Methodology,Gamification in Learning,Easy,Can you explain Gamification in Learning and why it matters in your role?,"Gamification applies game elements like points and levels to lessons to increase engagement and motivation. A strong candidate would also give a concrete example of applying gamification in learning in a past project or scenario, showing not just definitional knowledge but practical judgment.",gamification|in|learning,Accurately defines Gamification in Learning|Explains why it matters in practice|Gives a relevant example|Communicates clearly,Can you walk me through a time you used gamification in learning directly?|What challenges have you faced with gamification in learning?,3-4 minutes,5,Teaching Methodology
TCH060,Teacher,Communication,Questioning Techniques,Easy,Can you explain Questioning Techniques and why it matters in your role?,"Effective questioning techniques, like open-ended and probing questions, push students toward deeper thinking rather than one-word answers. A strong candidate would also give a concrete example of applying questioning techniques in a past project or scenario, showing not just definitional knowledge but practical judgment.",questioning|techniques,Accurately defines Questioning Techniques|Explains why it matters in practice|Gives a relevant example|Communicates clearly,Can you walk me through a time you used questioning techniques directly?|What challenges have you faced with questioning techniques?,3-4 minutes,5,Communication
TCH061,Teacher,Teaching Methodology,Lesson Planning,Hard,Describe a situation where you would apply Lesson Planning on the job. How would you approach it?,"Effective lesson planning defines clear objectives, engaging activities, and assessment methods aligned to the curriculum and students' needs. In practice, a candidate should describe a step-by-step approach: assessing the situation, applying best practices related to lesson planning, and evaluating the outcome, ideally referencing a real or realistic example.",lesson|planning,Demonstrates practical understanding of Lesson Planning|Provides a logical step-by-step approach|Considers risks or edge cases|Reflects on outcomes or lessons learned,What would you do differently next time regarding lesson planning?|How do you measure success when handling lesson planning?,4-5 minutes,6,Teaching Methodology
TCH062,Teacher,Teaching Methodology,Differentiated Instruction,Hard,Describe a situation where you would apply Differentiated Instruction on the job. How would you approach it?,"Differentiated instruction adapts content, process, and assessment to accommodate students' varying readiness levels, interests, and learning profiles. In practice, a candidate should describe a step-by-step approach: assessing the situation, applying best practices related to differentiated instruction, and evaluating the outcome, ideally referencing a real or realistic example.",differentiated|instruction,Demonstrates practical understanding of Differentiated Instruction|Provides a logical step-by-step approach|Considers risks or edge cases|Reflects on outcomes or lessons learned,What would you do differently next time regarding differentiated instruction?|How do you measure success when handling differentiated instruction?,4-5 minutes,6,Teaching Methodology
TCH063,Teacher,Teaching Methodology,Bloom's Taxonomy,Hard,Describe a situation where you would apply Bloom's Taxonomy on the job. How would you approach it?,"Bloom's Taxonomy is a hierarchy of learning objectives from remembering and understanding up to analyzing, evaluating, and creating, used to design deeper learning tasks. In practice, a candidate should describe a step-by-step approach: assessing the situation, applying best practices related to bloom's taxonomy, and evaluating the outcome, ideally referencing a real or realistic example.",bloom's|taxonomy,Demonstrates practical understanding of Bloom's Taxonomy|Provides a logical step-by-step approach|Considers risks or edge cases|Reflects on outcomes or lessons learned,What would you do differently next time regarding bloom's taxonomy?|How do you measure success when handling bloom's taxonomy?,4-5 minutes,6,Teaching Methodology
TCH064,Teacher,Teaching Methodology,Project-Based Learning,Hard,Describe a situation where you would apply Project-Based Learning on the job. How would you approach it?,"Project-based learning has students investigate a real-world problem over time, building knowledge and skills through an authentic, extended project. In practice, a candidate should describe a step-by-step approach: assessing the situation, applying best practices related to project-based learning, and evaluating the outcome, ideally referencing a real or realistic example.",project-based|learning,Demonstrates practical understanding of Project-Based Learning|Provides a logical step-by-step approach|Considers risks or edge cases|Reflects on outcomes or lessons learned,What would you do differently next time regarding project-based learning?|How do you measure success when handling project-based learning?,4-5 minutes,6,Teaching Methodology
TCH065,Teacher,Teaching Methodology,Flipped Classroom,Hard,Describe a situation where you would apply Flipped Classroom on the job. How would you approach it?,"In a flipped classroom, students review instructional content at home and use class time for interactive, application-based activities with teacher support. In practice, a candidate should describe a step-by-step approach: assessing the situation, applying best practices related to flipped classroom, and evaluating the outcome, ideally referencing a real or realistic example.",flipped|classroom,Demonstrates practical understanding of Flipped Classroom|Provides a logical step-by-step approach|Considers risks or edge cases|Reflects on outcomes or lessons learned,What would you do differently next time regarding flipped classroom?|How do you measure success when handling flipped classroom?,4-5 minutes,6,Teaching Methodology
TCH066,Teacher,Teaching Methodology,Scaffolding,Hard,Describe a situation where you would apply Scaffolding on the job. How would you approach it?,"Scaffolding provides temporary support structures that help students accomplish tasks just beyond their current ability, gradually removed as competence grows. In practice, a candidate should describe a step-by-step approach: assessing the situation, applying best practices related to scaffolding, and evaluating the outcome, ideally referencing a real or realistic example.",scaffolding,Demonstrates practical understanding of Scaffolding|Provides a logical step-by-step approach|Considers risks or edge cases|Reflects on outcomes or lessons learned,What would you do differently next time regarding scaffolding?|How do you measure success when handling scaffolding?,4-5 minutes,6,Teaching Methodology
TCH067,Teacher,Teaching Methodology,Cooperative Learning,Hard,Describe a situation where you would apply Cooperative Learning on the job. How would you approach it?,"Cooperative learning organizes students into small groups working toward a shared goal, building both academic and social skills. In practice, a candidate should describe a step-by-step approach: assessing the situation, applying best practices related to cooperative learning, and evaluating the outcome, ideally referencing a real or realistic example.",cooperative|learning,Demonstrates practical understanding of Cooperative Learning|Provides a logical step-by-step approach|Considers risks or edge cases|Reflects on outcomes or lessons learned,What would you do differently next time regarding cooperative learning?|How do you measure success when handling cooperative learning?,4-5 minutes,6,Teaching Methodology
TCH068,Teacher,Assessment,Formative vs Summative Assessment,Hard,Describe a situation where you would apply Formative vs Summative Assessment on the job. How would you approach it?,"Formative assessment monitors learning during instruction to guide teaching, while summative assessment evaluates learning at the end of a unit or course. In practice, a candidate should describe a step-by-step approach: assessing the situation, applying best practices related to formative vs summative assessment, and evaluating the outcome, ideally referencing a real or realistic example.",formative|vs|summative|assessment,Demonstrates practical understanding of Formative vs Summative Assessment|Provides a logical step-by-step approach|Considers risks or edge cases|Reflects on outcomes or lessons learned,What would you do differently next time regarding formative vs summative assessment?|How do you measure success when handling formative vs summative assessment?,4-5 minutes,6,Assessment
TCH069,Teacher,Assessment,Rubric Design,Hard,Describe a situation where you would apply Rubric Design on the job. How would you approach it?,"A well-designed rubric defines clear criteria and performance levels so students understand expectations and grading is consistent and transparent. In practice, a candidate should describe a step-by-step approach: assessing the situation, applying best practices related to rubric design, and evaluating the outcome, ideally referencing a real or realistic example.",rubric|design,Demonstrates practical understanding of Rubric Design|Provides a logical step-by-step approach|Considers risks or edge cases|Reflects on outcomes or lessons learned,What would you do differently next time regarding rubric design?|How do you measure success when handling rubric design?,4-5 minutes,6,Assessment
TCH070,Teacher,Assessment,Standardized Testing,Hard,Describe a situation where you would apply Standardized Testing on the job. How would you approach it?,"Standardized tests measure student performance against a common benchmark, but should be balanced with other assessment types for a fuller picture of learning. In practice, a candidate should describe a step-by-step approach: assessing the situation, applying best practices related to standardized testing, and evaluating the outcome, ideally referencing a real or realistic example.",standardized|testing,Demonstrates practical understanding of Standardized Testing|Provides a logical step-by-step approach|Considers risks or edge cases|Reflects on outcomes or lessons learned,What would you do differently next time regarding standardized testing?|How do you measure success when handling standardized testing?,4-5 minutes,6,Assessment
TCH071,Teacher,Assessment,Peer Assessment,Hard,Describe a situation where you would apply Peer Assessment on the job. How would you approach it?,"Peer assessment has students evaluate each other's work using clear criteria, building critical thinking and giving varied feedback perspectives. In practice, a candidate should describe a step-by-step approach: assessing the situation, applying best practices related to peer assessment, and evaluating the outcome, ideally referencing a real or realistic example.",peer|assessment,Demonstrates practical understanding of Peer Assessment|Provides a logical step-by-step approach|Considers risks or edge cases|Reflects on outcomes or lessons learned,What would you do differently next time regarding peer assessment?|How do you measure success when handling peer assessment?,4-5 minutes,6,Assessment
TCH072,Teacher,Classroom Management,Positive Reinforcement,Hard,Describe a situation where you would apply Positive Reinforcement on the job. How would you approach it?,"Positive reinforcement rewards desired behaviors to increase their likelihood, creating a supportive classroom climate rather than relying on punishment. In practice, a candidate should describe a step-by-step approach: assessing the situation, applying best practices related to positive reinforcement, and evaluating the outcome, ideally referencing a real or realistic example.",positive|reinforcement,Demonstrates practical understanding of Positive Reinforcement|Provides a logical step-by-step approach|Considers risks or edge cases|Reflects on outcomes or lessons learned,What would you do differently next time regarding positive reinforcement?|How do you measure success when handling positive reinforcement?,4-5 minutes,6,Classroom Management
TCH073,Teacher,Classroom Management,Classroom Rules,Hard,Describe a situation where you would apply Classroom Rules on the job. How would you approach it?,"Clear, consistently enforced classroom rules set expectations early and are most effective when co-created with students. In practice, a candidate should describe a step-by-step approach: assessing the situation, applying best practices related to classroom rules, and evaluating the outcome, ideally referencing a real or realistic example.",classroom|rules,Demonstrates practical understanding of Classroom Rules|Provides a logical step-by-step approach|Considers risks or edge cases|Reflects on outcomes or lessons learned,What would you do differently next time regarding classroom rules?|How do you measure success when handling classroom rules?,4-5 minutes,6,Classroom Management
TCH074,Teacher,Classroom Management,Behavior Management Plans,Hard,Describe a situation where you would apply Behavior Management Plans on the job. How would you approach it?,"A behavior management plan outlines specific strategies and consequences for individual students who need extra structure to succeed. In practice, a candidate should describe a step-by-step approach: assessing the situation, applying best practices related to behavior management plans, and evaluating the outcome, ideally referencing a real or realistic example.",behavior|management|plans,Demonstrates practical understanding of Behavior Management Plans|Provides a logical step-by-step approach|Considers risks or edge cases|Reflects on outcomes or lessons learned,What would you do differently next time regarding behavior management plans?|How do you measure success when handling behavior management plans?,4-5 minutes,6,Classroom Management
TCH075,Teacher,Classroom Management,Bullying Prevention,Hard,Describe a situation where you would apply Bullying Prevention on the job. How would you approach it?,"Effective bullying prevention combines clear policies, proactive monitoring, and teaching empathy and conflict-resolution skills. In practice, a candidate should describe a step-by-step approach: assessing the situation, applying best practices related to bullying prevention, and evaluating the outcome, ideally referencing a real or realistic example.",bullying|prevention,Demonstrates practical understanding of Bullying Prevention|Provides a logical step-by-step approach|Considers risks or edge cases|Reflects on outcomes or lessons learned,What would you do differently next time regarding bullying prevention?|How do you measure success when handling bullying prevention?,4-5 minutes,6,Classroom Management
TCH076,Teacher,Classroom Management,Restorative Practices,Hard,Describe a situation where you would apply Restorative Practices on the job. How would you approach it?,"Restorative practices focus on repairing harm and rebuilding relationships after conflict, rather than purely punitive discipline. In practice, a candidate should describe a step-by-step approach: assessing the situation, applying best practices related to restorative practices, and evaluating the outcome, ideally referencing a real or realistic example.",restorative|practices,Demonstrates practical understanding of Restorative Practices|Provides a logical step-by-step approach|Considers risks or edge cases|Reflects on outcomes or lessons learned,What would you do differently next time regarding restorative practices?|How do you measure success when handling restorative practices?,4-5 minutes,6,Classroom Management
TCH077,Teacher,Communication,Parent-Teacher Communication,Hard,Describe a situation where you would apply Parent-Teacher Communication on the job. How would you approach it?,"Regular, proactive communication with parents about progress and concerns builds trust and supports consistent expectations between home and school. In practice, a candidate should describe a step-by-step approach: assessing the situation, applying best practices related to parent-teacher communication, and evaluating the outcome, ideally referencing a real or realistic example.",parent-teacher|communication,Demonstrates practical understanding of Parent-Teacher Communication|Provides a logical step-by-step approach|Considers risks or edge cases|Reflects on outcomes or lessons learned,What would you do differently next time regarding parent-teacher communication?|How do you measure success when handling parent-teacher communication?,4-5 minutes,6,Communication
TCH078,Teacher,Communication,Feedback Techniques,Hard,Describe a situation where you would apply Feedback Techniques on the job. How would you approach it?,"Effective feedback is specific, timely, and actionable, focusing on the work rather than the student to encourage a growth mindset. In practice, a candidate should describe a step-by-step approach: assessing the situation, applying best practices related to feedback techniques, and evaluating the outcome, ideally referencing a real or realistic example.",feedback|techniques,Demonstrates practical understanding of Feedback Techniques|Provides a logical step-by-step approach|Considers risks or edge cases|Reflects on outcomes or lessons learned,What would you do differently next time regarding feedback techniques?|How do you measure success when handling feedback techniques?,4-5 minutes,6,Communication
TCH079,Teacher,Communication,Communication With Administration,Hard,Describe a situation where you would apply Communication With Administration on the job. How would you approach it?,"Clear, professional communication with school administration ensures alignment on policies, resources, and student support plans. In practice, a candidate should describe a step-by-step approach: assessing the situation, applying best practices related to communication with administration, and evaluating the outcome, ideally referencing a real or realistic example.",communication|with|administration,Demonstrates practical understanding of Communication With Administration|Provides a logical step-by-step approach|Considers risks or edge cases|Reflects on outcomes or lessons learned,What would you do differently next time regarding communication with administration?|How do you measure success when handling communication with administration?,4-5 minutes,6,Communication
TCH080,Teacher,Ethics,Academic Integrity,Hard,Describe a situation where you would apply Academic Integrity on the job. How would you approach it?,"Upholding academic integrity means preventing and addressing plagiarism and cheating fairly and consistently while teaching students why honesty matters. In practice, a candidate should describe a step-by-step approach: assessing the situation, applying best practices related to academic integrity, and evaluating the outcome, ideally referencing a real or realistic example.",academic|integrity,Demonstrates practical understanding of Academic Integrity|Provides a logical step-by-step approach|Considers risks or edge cases|Reflects on outcomes or lessons learned,What would you do differently next time regarding academic integrity?|How do you measure success when handling academic integrity?,4-5 minutes,6,Ethics
TCH081,Teacher,Ethics,Student Data Privacy,Medium,Describe a situation where you would apply Student Data Privacy on the job. How would you approach it?,"Teachers must protect student records and personal data in line with school policy and relevant privacy regulations. In practice, a candidate should describe a step-by-step approach: assessing the situation, applying best practices related to student data privacy, and evaluating the outcome, ideally referencing a real or realistic example.",student|data|privacy,Demonstrates practical understanding of Student Data Privacy|Provides a logical step-by-step approach|Considers risks or edge cases|Reflects on outcomes or lessons learned,What would you do differently next time regarding student data privacy?|How do you measure success when handling student data privacy?,4-5 minutes,6,Ethics
TCH082,Teacher,Ethics,Cultural Diversity in the Classroom,Medium,Describe a situation where you would apply Cultural Diversity in the Classroom on the job. How would you approach it?,"Culturally responsive teaching values students' diverse backgrounds and adapts materials and examples to be inclusive and relevant. In practice, a candidate should describe a step-by-step approach: assessing the situation, applying best practices related to cultural diversity in the classroom, and evaluating the outcome, ideally referencing a real or realistic example.",cultural|diversity|in|the|classroom,Demonstrates practical understanding of Cultural Diversity in the Classroom|Provides a logical step-by-step approach|Considers risks or edge cases|Reflects on outcomes or lessons learned,What would you do differently next time regarding cultural diversity in the classroom?|How do you measure success when handling cultural diversity in the classroom?,4-5 minutes,6,Ethics
TCH083,Teacher,Technology in Education,Blended Learning,Medium,Describe a situation where you would apply Blended Learning on the job. How would you approach it?,"Blended learning combines face-to-face instruction with online components, giving students more control over pace and path. In practice, a candidate should describe a step-by-step approach: assessing the situation, applying best practices related to blended learning, and evaluating the outcome, ideally referencing a real or realistic example.",blended|learning,Demonstrates practical understanding of Blended Learning|Provides a logical step-by-step approach|Considers risks or edge cases|Reflects on outcomes or lessons learned,What would you do differently next time regarding blended learning?|How do you measure success when handling blended learning?,4-5 minutes,6,Technology in Education
TCH084,Teacher,Technology in Education,Educational Technology Tools,Medium,Describe a situation where you would apply Educational Technology Tools on the job. How would you approach it?,"EdTech tools like LMS platforms, quiz apps, and collaborative documents can boost engagement when used purposefully rather than for novelty. In practice, a candidate should describe a step-by-step approach: assessing the situation, applying best practices related to educational technology tools, and evaluating the outcome, ideally referencing a real or realistic example.",educational|technology|tools,Demonstrates practical understanding of Educational Technology Tools|Provides a logical step-by-step approach|Considers risks or edge cases|Reflects on outcomes or lessons learned,What would you do differently next time regarding educational technology tools?|How do you measure success when handling educational technology tools?,4-5 minutes,6,Technology in Education
TCH085,Teacher,Technology in Education,Remote Teaching,Medium,Describe a situation where you would apply Remote Teaching on the job. How would you approach it?,"Effective remote teaching requires clear routines, accessible materials, and extra effort to keep students engaged without in-person cues. In practice, a candidate should describe a step-by-step approach: assessing the situation, applying best practices related to remote teaching, and evaluating the outcome, ideally referencing a real or realistic example.",remote|teaching,Demonstrates practical understanding of Remote Teaching|Provides a logical step-by-step approach|Considers risks or edge cases|Reflects on outcomes or lessons learned,What would you do differently next time regarding remote teaching?|How do you measure success when handling remote teaching?,4-5 minutes,6,Technology in Education
TCH086,Teacher,Student Development,Growth Mindset,Medium,Describe a situation where you would apply Growth Mindset on the job. How would you approach it?,"A growth mindset is the belief that abilities can be developed through effort, and teachers foster it by praising process over innate talent. In practice, a candidate should describe a step-by-step approach: assessing the situation, applying best practices related to growth mindset, and evaluating the outcome, ideally referencing a real or realistic example.",growth|mindset,Demonstrates practical understanding of Growth Mindset|Provides a logical step-by-step approach|Considers risks or edge cases|Reflects on outcomes or lessons learned,What would you do differently next time regarding growth mindset?|How do you measure success when handling growth mindset?,4-5 minutes,6,Student Development
TCH087,Teacher,Student Development,Motivation Strategies,Medium,Describe a situation where you would apply Motivation Strategies on the job. How would you approach it?,"Motivation strategies include connecting content to student interests, offering choice, and celebrating incremental progress. In practice, a candidate should describe a step-by-step approach: assessing the situation, applying best practices related to motivation strategies, and evaluating the outcome, ideally referencing a real or realistic example.",motivation|strategies,Demonstrates practical understanding of Motivation Strategies|Provides a logical step-by-step approach|Considers risks or edge cases|Reflects on outcomes or lessons learned,What would you do differently next time regarding motivation strategies?|How do you measure success when handling motivation strategies?,4-5 minutes,6,Student Development
TCH088,Teacher,Student Development,Inclusive Education,Medium,Describe a situation where you would apply Inclusive Education on the job. How would you approach it?,"Inclusive education ensures students with diverse needs, including disabilities, learn alongside peers with appropriate accommodations. In practice, a candidate should describe a step-by-step approach: assessing the situation, applying best practices related to inclusive education, and evaluating the outcome, ideally referencing a real or realistic example.",inclusive|education,Demonstrates practical understanding of Inclusive Education|Provides a logical step-by-step approach|Considers risks or edge cases|Reflects on outcomes or lessons learned,What would you do differently next time regarding inclusive education?|How do you measure success when handling inclusive education?,4-5 minutes,6,Student Development
TCH089,Teacher,Student Development,Individualized Education Plans,Medium,Describe a situation where you would apply Individualized Education Plans on the job. How would you approach it?,"An IEP is a legally binding plan outlining specific accommodations and goals for a student with disabilities, developed with parents and specialists. In practice, a candidate should describe a step-by-step approach: assessing the situation, applying best practices related to individualized education plans, and evaluating the outcome, ideally referencing a real or realistic example.",individualized|education|plans,Demonstrates practical understanding of Individualized Education Plans|Provides a logical step-by-step approach|Considers risks or edge cases|Reflects on outcomes or lessons learned,What would you do differently next time regarding individualized education plans?|How do you measure success when handling individualized education plans?,4-5 minutes,6,Student Development
TCH090,Teacher,Problem Solving,Handling Difficult Parents,Medium,Describe a situation where you would apply Handling Difficult Parents on the job. How would you approach it?,"Handling a difficult parent conversation requires active listening, staying calm, focusing on the student's needs, and following up in writing. In practice, a candidate should describe a step-by-step approach: assessing the situation, applying best practices related to handling difficult parents, and evaluating the outcome, ideally referencing a real or realistic example.",handling|difficult|parents,Demonstrates practical understanding of Handling Difficult Parents|Provides a logical step-by-step approach|Considers risks or edge cases|Reflects on outcomes or lessons learned,What would you do differently next time regarding handling difficult parents?|How do you measure success when handling handling difficult parents?,4-5 minutes,6,Problem Solving
TCH091,Teacher,Problem Solving,Managing Attendance Issues,Medium,Describe a situation where you would apply Managing Attendance Issues on the job. How would you approach it?,"Addressing chronic absenteeism involves identifying root causes, communicating with families, and connecting them with school support resources. In practice, a candidate should describe a step-by-step approach: assessing the situation, applying best practices related to managing attendance issues, and evaluating the outcome, ideally referencing a real or realistic example.",managing|attendance|issues,Demonstrates practical understanding of Managing Attendance Issues|Provides a logical step-by-step approach|Considers risks or edge cases|Reflects on outcomes or lessons learned,What would you do differently next time regarding managing attendance issues?|How do you measure success when handling managing attendance issues?,4-5 minutes,6,Problem Solving
TCH092,Teacher,Problem Solving,Teacher Burnout Management,Medium,Describe a situation where you would apply Teacher Burnout Management on the job. How would you approach it?,"Managing burnout involves setting boundaries, seeking peer support, and using school resources, since a sustainable teacher benefits students long-term. In practice, a candidate should describe a step-by-step approach: assessing the situation, applying best practices related to teacher burnout management, and evaluating the outcome, ideally referencing a real or realistic example.",teacher|burnout|management,Demonstrates practical understanding of Teacher Burnout Management|Provides a logical step-by-step approach|Considers risks or edge cases|Reflects on outcomes or lessons learned,What would you do differently next time regarding teacher burnout management?|How do you measure success when handling teacher burnout management?,4-5 minutes,6,Problem Solving
TCH093,Teacher,Curriculum,Curriculum Standards Alignment,Medium,Describe a situation where you would apply Curriculum Standards Alignment on the job. How would you approach it?,"Aligning lessons to curriculum standards ensures instruction covers required competencies while still allowing room for creativity. In practice, a candidate should describe a step-by-step approach: assessing the situation, applying best practices related to curriculum standards alignment, and evaluating the outcome, ideally referencing a real or realistic example.",curriculum|standards|alignment,Demonstrates practical understanding of Curriculum Standards Alignment|Provides a logical step-by-step approach|Considers risks or edge cases|Reflects on outcomes or lessons learned,What would you do differently next time regarding curriculum standards alignment?|How do you measure success when handling curriculum standards alignment?,4-5 minutes,6,Curriculum
TCH094,Teacher,Curriculum,Cross-Curricular Teaching,Medium,Describe a situation where you would apply Cross-Curricular Teaching on the job. How would you approach it?,"Cross-curricular teaching connects concepts across subjects, such as using math skills in a science project, to deepen understanding. In practice, a candidate should describe a step-by-step approach: assessing the situation, applying best practices related to cross-curricular teaching, and evaluating the outcome, ideally referencing a real or realistic example.",cross-curricular|teaching,Demonstrates practical understanding of Cross-Curricular Teaching|Provides a logical step-by-step approach|Considers risks or edge cases|Reflects on outcomes or lessons learned,What would you do differently next time regarding cross-curricular teaching?|How do you measure success when handling cross-curricular teaching?,4-5 minutes,6,Curriculum
TCH095,Teacher,Curriculum,STEM Education,Medium,Describe a situation where you would apply STEM Education on the job. How would you approach it?,"STEM education integrates science, technology, engineering, and math through hands-on, inquiry-based activities. In practice, a candidate should describe a step-by-step approach: assessing the situation, applying best practices related to stem education, and evaluating the outcome, ideally referencing a real or realistic example.",stem|education,Demonstrates practical understanding of STEM Education|Provides a logical step-by-step approach|Considers risks or edge cases|Reflects on outcomes or lessons learned,What would you do differently next time regarding stem education?|How do you measure success when handling stem education?,4-5 minutes,6,Curriculum
TCH096,Teacher,Assessment,Grading Fairness,Medium,Describe a situation where you would apply Grading Fairness on the job. How would you approach it?,"Fair grading applies consistent criteria to all students and separates behavior/effort from mastery of content when assigning academic grades. In practice, a candidate should describe a step-by-step approach: assessing the situation, applying best practices related to grading fairness, and evaluating the outcome, ideally referencing a real or realistic example.",grading|fairness,Demonstrates practical understanding of Grading Fairness|Provides a logical step-by-step approach|Considers risks or edge cases|Reflects on outcomes or lessons learned,What would you do differently next time regarding grading fairness?|How do you measure success when handling grading fairness?,4-5 minutes,6,Assessment
TCH097,Teacher,Classroom Management,Co-Teaching Models,Medium,Describe a situation where you would apply Co-Teaching Models on the job. How would you approach it?,"Co-teaching models like team teaching or station teaching let two educators share instructional responsibility for a diverse classroom. In practice, a candidate should describe a step-by-step approach: assessing the situation, applying best practices related to co-teaching models, and evaluating the outcome, ideally referencing a real or realistic example.",co-teaching|models,Demonstrates practical understanding of Co-Teaching Models|Provides a logical step-by-step approach|Considers risks or edge cases|Reflects on outcomes or lessons learned,What would you do differently next time regarding co-teaching models?|How do you measure success when handling co-teaching models?,4-5 minutes,6,Classroom Management
TCH098,Teacher,Student Development,Trauma-Informed Teaching,Medium,Describe a situation where you would apply Trauma-Informed Teaching on the job. How would you approach it?,"Trauma-informed teaching recognizes signs of stress in students and creates a predictable, safe environment that supports emotional regulation. In practice, a candidate should describe a step-by-step approach: assessing the situation, applying best practices related to trauma-informed teaching, and evaluating the outcome, ideally referencing a real or realistic example.",trauma-informed|teaching,Demonstrates practical understanding of Trauma-Informed Teaching|Provides a logical step-by-step approach|Considers risks or edge cases|Reflects on outcomes or lessons learned,What would you do differently next time regarding trauma-informed teaching?|How do you measure success when handling trauma-informed teaching?,4-5 minutes,6,Student Development
TCH099,Teacher,Teaching Methodology,Gamification in Learning,Medium,Describe a situation where you would apply Gamification in Learning on the job. How would you approach it?,"Gamification applies game elements like points and levels to lessons to increase engagement and motivation. In practice, a candidate should describe a step-by-step approach: assessing the situation, applying best practices related to gamification in learning, and evaluating the outcome, ideally referencing a real or realistic example.",gamification|in|learning,Demonstrates practical understanding of Gamification in Learning|Provides a logical step-by-step approach|Considers risks or edge cases|Reflects on outcomes or lessons learned,What would you do differently next time regarding gamification in learning?|How do you measure success when handling gamification in learning?,4-5 minutes,6,Teaching Methodology
TCH100,Teacher,Communication,Questioning Techniques,Medium,Describe a situation where you would apply Questioning Techniques on the job. How would you approach it?,"Effective questioning techniques, like open-ended and probing questions, push students toward deeper thinking rather than one-word answers. In practice, a candidate should describe a step-by-step approach: assessing the situation, applying best practices related to questioning techniques, and evaluating the outcome, ideally referencing a real or realistic example.",questioning|techniques,Demonstrates practical understanding of Questioning Techniques|Provides a logical step-by-step approach|Considers risks or edge cases|Reflects on outcomes or lessons learned,What would you do differently next time regarding questioning techniques?|How do you measure success when handling questioning techniques?,4-5 minutes,6,Communication
NUR021,Nurse,Clinical Knowledge,Vital Signs Monitoring,Medium,Can you explain Vital Signs Monitoring and why it matters in your role?,"Vital signs (temperature, pulse, respiration, blood pressure, oxygen saturation) are baseline indicators of a patient's physiological status that nurses track regularly. A strong candidate would also give a concrete example of applying vital signs monitoring in a past project or scenario, showing not just definitional knowledge but practical judgment.",vital|signs|monitoring,Accurately defines Vital Signs Monitoring|Explains why it matters in practice|Gives a relevant example|Communicates clearly,Can you walk me through a time you used vital signs monitoring directly?|What challenges have you faced with vital signs monitoring?,3-4 minutes,5,Clinical Knowledge
NUR022,Nurse,Clinical Knowledge,Medication Administration,Medium,Can you explain Medication Administration and why it matters in your role?,"Safe medication administration follows the 'rights' of medication administration: right patient, drug, dose, route, time, and documentation. A strong candidate would also give a concrete example of applying medication administration in a past project or scenario, showing not just definitional knowledge but practical judgment.",medication|administration,Accurately defines Medication Administration|Explains why it matters in practice|Gives a relevant example|Communicates clearly,Can you walk me through a time you used medication administration directly?|What challenges have you faced with medication administration?,3-4 minutes,5,Clinical Knowledge
NUR023,Nurse,Clinical Knowledge,IV Therapy,Medium,Can you explain IV Therapy and why it matters in your role?,"IV therapy delivers fluids or medications directly into the bloodstream, requiring proper site selection, insertion technique, and monitoring for complications like infiltration. A strong candidate would also give a concrete example of applying iv therapy in a past project or scenario, showing not just definitional knowledge but practical judgment.",iv|therapy,Accurately defines IV Therapy|Explains why it matters in practice|Gives a relevant example|Communicates clearly,Can you walk me through a time you used iv therapy directly?|What challenges have you faced with iv therapy?,3-4 minutes,5,Clinical Knowledge
NUR024,Nurse,Clinical Knowledge,Wound Care,Medium,Can you explain Wound Care and why it matters in your role?,"Proper wound care involves cleaning, appropriate dressing selection, and monitoring for signs of infection or delayed healing. A strong candidate would also give a concrete example of applying wound care in a past project or scenario, showing not just definitional knowledge but practical judgment.",wound|care,Accurately defines Wound Care|Explains why it matters in practice|Gives a relevant example|Communicates clearly,Can you walk me through a time you used wound care directly?|What challenges have you faced with wound care?,3-4 minutes,5,Clinical Knowledge
NUR025,Nurse,Clinical Knowledge,Pain Management,Medium,Can you explain Pain Management and why it matters in your role?,"Effective pain management combines accurate pain assessment scales with pharmacological and non-pharmacological interventions tailored to the patient. A strong candidate would also give a concrete example of applying pain management in a past project or scenario, showing not just definitional knowledge but practical judgment.",pain|management,Accurately defines Pain Management|Explains why it matters in practice|Gives a relevant example|Communicates clearly,Can you walk me through a time you used pain management directly?|What challenges have you faced with pain management?,3-4 minutes,5,Clinical Knowledge
NUR026,Nurse,Clinical Knowledge,Diabetes Management,Medium,Can you explain Diabetes Management and why it matters in your role?,"Managing diabetic patients includes blood glucose monitoring, insulin administration, and educating patients on diet and warning signs of hypo/hyperglycemia. A strong candidate would also give a concrete example of applying diabetes management in a past project or scenario, showing not just definitional knowledge but practical judgment.",diabetes|management,Accurately defines Diabetes Management|Explains why it matters in practice|Gives a relevant example|Communicates clearly,Can you walk me through a time you used diabetes management directly?|What challenges have you faced with diabetes management?,3-4 minutes,5,Clinical Knowledge
NUR027,Nurse,Clinical Knowledge,Oxygen Therapy,Medium,Can you explain Oxygen Therapy and why it matters in your role?,"Oxygen therapy delivers supplemental oxygen via devices like nasal cannula or masks, titrated to maintain target saturation levels. A strong candidate would also give a concrete example of applying oxygen therapy in a past project or scenario, showing not just definitional knowledge but practical judgment.",oxygen|therapy,Accurately defines Oxygen Therapy|Explains why it matters in practice|Gives a relevant example|Communicates clearly,Can you walk me through a time you used oxygen therapy directly?|What challenges have you faced with oxygen therapy?,3-4 minutes,5,Clinical Knowledge
NUR028,Nurse,Patient Safety,Fall Prevention,Medium,Can you explain Fall Prevention and why it matters in your role?,"Fall prevention includes risk assessment, bed alarms, non-slip footwear, and keeping the environment free of hazards for high-risk patients. A strong candidate would also give a concrete example of applying fall prevention in a past project or scenario, showing not just definitional knowledge but practical judgment.",fall|prevention,Accurately defines Fall Prevention|Explains why it matters in practice|Gives a relevant example|Communicates clearly,Can you walk me through a time you used fall prevention directly?|What challenges have you faced with fall prevention?,3-4 minutes,5,Patient Safety
NUR029,Nurse,Patient Safety,Medication Errors Prevention,Medium,Can you explain Medication Errors Prevention and why it matters in your role?,"Preventing medication errors relies on double-checking high-alert medications, using barcode scanning, and clear communication during handoffs. A strong candidate would also give a concrete example of applying medication errors prevention in a past project or scenario, showing not just definitional knowledge but practical judgment.",medication|errors|prevention,Accurately defines Medication Errors Prevention|Explains why it matters in practice|Gives a relevant example|Communicates clearly,Can you walk me through a time you used medication errors prevention directly?|What challenges have you faced with medication errors prevention?,3-4 minutes,5,Patient Safety
NUR030,Nurse,Patient Safety,Pressure Ulcer Prevention,Medium,Can you explain Pressure Ulcer Prevention and why it matters in your role?,"Preventing pressure ulcers requires regular repositioning, skin assessment, and pressure-relieving surfaces for immobile patients. A strong candidate would also give a concrete example of applying pressure ulcer prevention in a past project or scenario, showing not just definitional knowledge but practical judgment.",pressure|ulcer|prevention,Accurately defines Pressure Ulcer Prevention|Explains why it matters in practice|Gives a relevant example|Communicates clearly,Can you walk me through a time you used pressure ulcer prevention directly?|What challenges have you faced with pressure ulcer prevention?,3-4 minutes,5,Patient Safety
NUR031,Nurse,Patient Safety,Restraint Use Policies,Medium,Can you explain Restraint Use Policies and why it matters in your role?,"Restraints should be a last resort, used only per policy with regular reassessment and documentation to protect patient rights and safety. A strong candidate would also give a concrete example of applying restraint use policies in a past project or scenario, showing not just definitional knowledge but practical judgment.",restraint|use|policies,Accurately defines Restraint Use Policies|Explains why it matters in practice|Gives a relevant example|Communicates clearly,Can you walk me through a time you used restraint use policies directly?|What challenges have you faced with restraint use policies?,3-4 minutes,5,Patient Safety
NUR032,Nurse,Infection Control,Hand Hygiene,Easy,Can you explain Hand Hygiene and why it matters in your role?,"Hand hygiene is the single most effective way to prevent healthcare-associated infections and should occur before and after every patient contact. A strong candidate would also give a concrete example of applying hand hygiene in a past project or scenario, showing not just definitional knowledge but practical judgment.",hand|hygiene,Accurately defines Hand Hygiene|Explains why it matters in practice|Gives a relevant example|Communicates clearly,Can you walk me through a time you used hand hygiene directly?|What challenges have you faced with hand hygiene?,3-4 minutes,5,Infection Control
NUR033,Nurse,Infection Control,PPE Usage,Easy,Can you explain PPE Usage and why it matters in your role?,"Correct use of personal protective equipment (gloves, gowns, masks) protects both patients and staff from cross-contamination. A strong candidate would also give a concrete example of applying ppe usage in a past project or scenario, showing not just definitional knowledge but practical judgment.",ppe|usage,Accurately defines PPE Usage|Explains why it matters in practice|Gives a relevant example|Communicates clearly,Can you walk me through a time you used ppe usage directly?|What challenges have you faced with ppe usage?,3-4 minutes,5,Infection Control
NUR034,Nurse,Infection Control,Isolation Precautions,Easy,Can you explain Isolation Precautions and why it matters in your role?,"Isolation precautions (contact, droplet, airborne) are applied based on how an infectious agent spreads to prevent transmission. A strong candidate would also give a concrete example of applying isolation precautions in a past project or scenario, showing not just definitional knowledge but practical judgment.",isolation|precautions,Accurately defines Isolation Precautions|Explains why it matters in practice|Gives a relevant example|Communicates clearly,Can you walk me through a time you used isolation precautions directly?|What challenges have you faced with isolation precautions?,3-4 minutes,5,Infection Control
NUR035,Nurse,Infection Control,Central Line Care,Easy,Can you explain Central Line Care and why it matters in your role?,"Central line care follows strict sterile technique during insertion and maintenance to prevent central line-associated bloodstream infections. A strong candidate would also give a concrete example of applying central line care in a past project or scenario, showing not just definitional knowledge but practical judgment.",central|line|care,Accurately defines Central Line Care|Explains why it matters in practice|Gives a relevant example|Communicates clearly,Can you walk me through a time you used central line care directly?|What challenges have you faced with central line care?,3-4 minutes,5,Infection Control
NUR036,Nurse,Emergency Care,CPR/BLS,Easy,Can you explain CPR/BLS and why it matters in your role?,"Basic Life Support skills, including CPR, are critical for responding to cardiac or respiratory arrest until advanced help arrives. A strong candidate would also give a concrete example of applying cpr/bls in a past project or scenario, showing not just definitional knowledge but practical judgment.",cpr|bls,Accurately defines CPR/BLS|Explains why it matters in practice|Gives a relevant example|Communicates clearly,Can you walk me through a time you used cpr/bls directly?|What challenges have you faced with cpr/bls?,3-4 minutes,5,Emergency Care
NUR037,Nurse,Emergency Care,Sepsis Recognition,Easy,Can you explain Sepsis Recognition and why it matters in your role?,"Early recognition of sepsis (fever, tachycardia, confusion, low blood pressure) and prompt treatment significantly improves patient survival. A strong candidate would also give a concrete example of applying sepsis recognition in a past project or scenario, showing not just definitional knowledge but practical judgment.",sepsis|recognition,Accurately defines Sepsis Recognition|Explains why it matters in practice|Gives a relevant example|Communicates clearly,Can you walk me through a time you used sepsis recognition directly?|What challenges have you faced with sepsis recognition?,3-4 minutes,5,Emergency Care
NUR038,Nurse,Emergency Care,Anaphylaxis Response,Easy,Can you explain Anaphylaxis Response and why it matters in your role?,"Anaphylaxis requires immediate epinephrine administration, airway management, and close monitoring for a biphasic reaction. A strong candidate would also give a concrete example of applying anaphylaxis response in a past project or scenario, showing not just definitional knowledge but practical judgment.",anaphylaxis|response,Accurately defines Anaphylaxis Response|Explains why it matters in practice|Gives a relevant example|Communicates clearly,Can you walk me through a time you used anaphylaxis response directly?|What challenges have you faced with anaphylaxis response?,3-4 minutes,5,Emergency Care
NUR039,Nurse,Emergency Care,Triage,Easy,Can you explain Triage and why it matters in your role?,"Triage prioritizes patients based on the severity of their condition to ensure the most critical cases are treated first. A strong candidate would also give a concrete example of applying triage in a past project or scenario, showing not just definitional knowledge but practical judgment.",triage,Accurately defines Triage|Explains why it matters in practice|Gives a relevant example|Communicates clearly,Can you walk me through a time you used triage directly?|What challenges have you faced with triage?,3-4 minutes,5,Emergency Care
NUR040,Nurse,Communication,SBAR Handoff,Easy,Can you explain SBAR Handoff and why it matters in your role?,"SBAR (Situation, Background, Assessment, Recommendation) is a structured communication framework used for clear handoffs between care providers. A strong candidate would also give a concrete example of applying sbar handoff in a past project or scenario, showing not just definitional knowledge but practical judgment.",sbar|handoff,Accurately defines SBAR Handoff|Explains why it matters in practice|Gives a relevant example|Communicates clearly,Can you walk me through a time you used sbar handoff directly?|What challenges have you faced with sbar handoff?,3-4 minutes,5,Communication
NUR041,Nurse,Communication,Patient Education,Easy,Can you explain Patient Education and why it matters in your role?,"Patient education explains conditions, treatments, and self-care instructions in a way patients and families can understand and act on. A strong candidate would also give a concrete example of applying patient education in a past project or scenario, showing not just definitional knowledge but practical judgment.",patient|education,Accurately defines Patient Education|Explains why it matters in practice|Gives a relevant example|Communicates clearly,Can you walk me through a time you used patient education directly?|What challenges have you faced with patient education?,3-4 minutes,5,Communication
NUR042,Nurse,Communication,Family Communication,Easy,Can you explain Family Communication and why it matters in your role?,"Clear, compassionate communication with families keeps them informed and involved in care decisions, especially during stressful situations. A strong candidate would also give a concrete example of applying family communication in a past project or scenario, showing not just definitional knowledge but practical judgment.",family|communication,Accurately defines Family Communication|Explains why it matters in practice|Gives a relevant example|Communicates clearly,Can you walk me through a time you used family communication directly?|What challenges have you faced with family communication?,3-4 minutes,5,Communication
NUR043,Nurse,Teamwork,Interdisciplinary Teamwork,Easy,Can you explain Interdisciplinary Teamwork and why it matters in your role?,"Nurses collaborate with physicians, therapists, and other staff, requiring clear communication and mutual respect for effective patient care. A strong candidate would also give a concrete example of applying interdisciplinary teamwork in a past project or scenario, showing not just definitional knowledge but practical judgment.",interdisciplinary|teamwork,Accurately defines Interdisciplinary Teamwork|Explains why it matters in practice|Gives a relevant example|Communicates clearly,Can you walk me through a time you used interdisciplinary teamwork directly?|What challenges have you faced with interdisciplinary teamwork?,3-4 minutes,5,Teamwork
NUR044,Nurse,Teamwork,Delegation to CNAs,Easy,Can you explain Delegation to CNAs and why it matters in your role?,"Effective delegation matches tasks to a certified nursing assistant's scope of practice while the nurse retains accountability for patient outcomes. A strong candidate would also give a concrete example of applying delegation to cnas in a past project or scenario, showing not just definitional knowledge but practical judgment.",delegation|to|cnas,Accurately defines Delegation to CNAs|Explains why it matters in practice|Gives a relevant example|Communicates clearly,Can you walk me through a time you used delegation to cnas directly?|What challenges have you faced with delegation to cnas?,3-4 minutes,5,Teamwork
NUR045,Nurse,Ethics,Informed Consent,Easy,Can you explain Informed Consent and why it matters in your role?,"Informed consent ensures patients understand the risks, benefits, and alternatives of a procedure before agreeing to it voluntarily. A strong candidate would also give a concrete example of applying informed consent in a past project or scenario, showing not just definitional knowledge but practical judgment.",informed|consent,Accurately defines Informed Consent|Explains why it matters in practice|Gives a relevant example|Communicates clearly,Can you walk me through a time you used informed consent directly?|What challenges have you faced with informed consent?,3-4 minutes,5,Ethics
NUR046,Nurse,Ethics,End-of-Life Care,Easy,Can you explain End-of-Life Care and why it matters in your role?,"End-of-life care focuses on comfort, dignity, and honoring patient wishes, often involving palliative care and family support. A strong candidate would also give a concrete example of applying end-of-life care in a past project or scenario, showing not just definitional knowledge but practical judgment.",end-of-life|care,Accurately defines End-of-Life Care|Explains why it matters in practice|Gives a relevant example|Communicates clearly,Can you walk me through a time you used end-of-life care directly?|What challenges have you faced with end-of-life care?,3-4 minutes,5,Ethics
NUR047,Nurse,Ethics,Advance Directives,Easy,Can you explain Advance Directives and why it matters in your role?,"Advance directives and DNR orders document a patient's wishes for care in situations where they cannot communicate decisions themselves. A strong candidate would also give a concrete example of applying advance directives in a past project or scenario, showing not just definitional knowledge but practical judgment.",advance|directives,Accurately defines Advance Directives|Explains why it matters in practice|Gives a relevant example|Communicates clearly,Can you walk me through a time you used advance directives directly?|What challenges have you faced with advance directives?,3-4 minutes,5,Ethics
NUR048,Nurse,Ethics,Patient Advocacy,Easy,Can you explain Patient Advocacy and why it matters in your role?,"Patient advocacy means speaking up for a patient's needs, rights, and preferences, especially when they cannot advocate for themselves. A strong candidate would also give a concrete example of applying patient advocacy in a past project or scenario, showing not just definitional knowledge but practical judgment.",patient|advocacy,Accurately defines Patient Advocacy|Explains why it matters in practice|Gives a relevant example|Communicates clearly,Can you walk me through a time you used patient advocacy directly?|What challenges have you faced with patient advocacy?,3-4 minutes,5,Ethics
NUR049,Nurse,Professional Development,Staying Current with Practice,Easy,Can you explain Staying Current with Practice and why it matters in your role?,"Nurses maintain competence through continuing education, certifications, and staying current with evidence-based practice guidelines. A strong candidate would also give a concrete example of applying staying current with practice in a past project or scenario, showing not just definitional knowledge but practical judgment.",staying|current|with|practice,Accurately defines Staying Current with Practice|Explains why it matters in practice|Gives a relevant example|Communicates clearly,Can you walk me through a time you used staying current with practice directly?|What challenges have you faced with staying current with practice?,3-4 minutes,5,Professional Development
NUR050,Nurse,Professional Development,Managing Stress and Burnout,Easy,Can you explain Managing Stress and Burnout and why it matters in your role?,"Managing burnout involves recognizing early signs of compassion fatigue and using coping strategies and support resources. A strong candidate would also give a concrete example of applying managing stress and burnout in a past project or scenario, showing not just definitional knowledge but practical judgment.",managing|stress|and|burnout,Accurately defines Managing Stress and Burnout|Explains why it matters in practice|Gives a relevant example|Communicates clearly,Can you walk me through a time you used managing stress and burnout directly?|What challenges have you faced with managing stress and burnout?,3-4 minutes,5,Professional Development
NUR051,Nurse,Documentation,Electronic Health Records,Easy,Can you explain Electronic Health Records and why it matters in your role?,"Accurate, timely documentation in the EHR ensures continuity of care and legal accountability for the care provided. A strong candidate would also give a concrete example of applying electronic health records in a past project or scenario, showing not just definitional knowledge but practical judgment.",electronic|health|records,Accurately defines Electronic Health Records|Explains why it matters in practice|Gives a relevant example|Communicates clearly,Can you walk me through a time you used electronic health records directly?|What challenges have you faced with electronic health records?,3-4 minutes,5,Documentation
NUR052,Nurse,Documentation,Medication Reconciliation,Easy,Can you explain Medication Reconciliation and why it matters in your role?,"Medication reconciliation compares a patient's current medications against new orders at every transition of care to prevent errors. A strong candidate would also give a concrete example of applying medication reconciliation in a past project or scenario, showing not just definitional knowledge but practical judgment.",medication|reconciliation,Accurately defines Medication Reconciliation|Explains why it matters in practice|Gives a relevant example|Communicates clearly,Can you walk me through a time you used medication reconciliation directly?|What challenges have you faced with medication reconciliation?,3-4 minutes,5,Documentation
NUR053,Nurse,Problem Solving,Prioritization of Patients,Easy,Can you explain Prioritization of Patients and why it matters in your role?,"Prioritizing patient care uses frameworks like ABC (airway, breathing, circulation) to decide which patient needs attention first. A strong candidate would also give a concrete example of applying prioritization of patients in a past project or scenario, showing not just definitional knowledge but practical judgment.",prioritization|of|patients,Accurately defines Prioritization of Patients|Explains why it matters in practice|Gives a relevant example|Communicates clearly,Can you walk me through a time you used prioritization of patients directly?|What challenges have you faced with prioritization of patients?,3-4 minutes,5,Problem Solving
NUR054,Nurse,Problem Solving,Handling Aggressive Patients,Easy,Can you explain Handling Aggressive Patients and why it matters in your role?,"De-escalating an aggressive patient involves staying calm, using non-threatening body language, and involving security if safety is at risk. A strong candidate would also give a concrete example of applying handling aggressive patients in a past project or scenario, showing not just definitional knowledge but practical judgment.",handling|aggressive|patients,Accurately defines Handling Aggressive Patients|Explains why it matters in practice|Gives a relevant example|Communicates clearly,Can you walk me through a time you used handling aggressive patients directly?|What challenges have you faced with handling aggressive patients?,3-4 minutes,5,Problem Solving
NUR055,Nurse,Clinical Knowledge,Postpartum Care,Easy,Can you explain Postpartum Care and why it matters in your role?,"Postpartum care monitors for hemorrhage, infection, and supports the mother's recovery and newborn bonding in the days after delivery. A strong candidate would also give a concrete example of applying postpartum care in a past project or scenario, showing not just definitional knowledge but practical judgment.",postpartum|care,Accurately defines Postpartum Care|Explains why it matters in practice|Gives a relevant example|Communicates clearly,Can you walk me through a time you used postpartum care directly?|What challenges have you faced with postpartum care?,3-4 minutes,5,Clinical Knowledge
NUR056,Nurse,Clinical Knowledge,Pediatric Care Considerations,Easy,Can you explain Pediatric Care Considerations and why it matters in your role?,"Pediatric nursing requires age-appropriate communication, weight-based dosing, and involving family in the care of young patients. A strong candidate would also give a concrete example of applying pediatric care considerations in a past project or scenario, showing not just definitional knowledge but practical judgment.",pediatric|care|considerations,Accurately defines Pediatric Care Considerations|Explains why it matters in practice|Gives a relevant example|Communicates clearly,Can you walk me through a time you used pediatric care considerations directly?|What challenges have you faced with pediatric care considerations?,3-4 minutes,5,Clinical Knowledge
NUR057,Nurse,Emergency Care,Disaster and Mass Casualty Response,Easy,Can you explain Disaster and Mass Casualty Response and why it matters in your role?,"Mass casualty response uses triage protocols to allocate limited resources to the greatest number of survivors during large-scale emergencies. A strong candidate would also give a concrete example of applying disaster and mass casualty response in a past project or scenario, showing not just definitional knowledge but practical judgment.",disaster|and|mass|casualty|response,Accurately defines Disaster and Mass Casualty Response|Explains why it matters in practice|Gives a relevant example|Communicates clearly,Can you walk me through a time you used disaster and mass casualty response directly?|What challenges have you faced with disaster and mass casualty response?,3-4 minutes,5,Emergency Care
NUR058,Nurse,Ethics,Elder Abuse Recognition,Easy,Can you explain Elder Abuse Recognition and why it matters in your role?,"Nurses are trained to recognize signs of elder abuse or neglect and follow mandatory reporting procedures to protect vulnerable patients. A strong candidate would also give a concrete example of applying elder abuse recognition in a past project or scenario, showing not just definitional knowledge but practical judgment.",elder|abuse|recognition,Accurately defines Elder Abuse Recognition|Explains why it matters in practice|Gives a relevant example|Communicates clearly,Can you walk me through a time you used elder abuse recognition directly?|What challenges have you faced with elder abuse recognition?,3-4 minutes,5,Ethics
NUR059,Nurse,Patient Safety,Needle Stick Injury Protocol,Easy,Can you explain Needle Stick Injury Protocol and why it matters in your role?,"After a needle stick injury, immediate steps include washing the site, reporting the incident, and following post-exposure protocols. A strong candidate would also give a concrete example of applying needle stick injury protocol in a past project or scenario, showing not just definitional knowledge but practical judgment.",needle|stick|injury|protocol,Accurately defines Needle Stick Injury Protocol|Explains why it matters in practice|Gives a relevant example|Communicates clearly,Can you walk me through a time you used needle stick injury protocol directly?|What challenges have you faced with needle stick injury protocol?,3-4 minutes,5,Patient Safety
NUR060,Nurse,Clinical Knowledge,Allergic Reaction Management,Easy,Can you explain Allergic Reaction Management and why it matters in your role?,"Managing an allergic reaction starts with identifying the allergen, stopping exposure, and monitoring for progression toward anaphylaxis. A strong candidate would also give a concrete example of applying allergic reaction management in a past project or scenario, showing not just definitional knowledge but practical judgment.",allergic|reaction|management,Accurately defines Allergic Reaction Management|Explains why it matters in practice|Gives a relevant example|Communicates clearly,Can you walk me through a time you used allergic reaction management directly?|What challenges have you faced with allergic reaction management?,3-4 minutes,5,Clinical Knowledge
NUR061,Nurse,Clinical Knowledge,Vital Signs Monitoring,Hard,Describe a situation where you would apply Vital Signs Monitoring on the job. How would you approach it?,"Vital signs (temperature, pulse, respiration, blood pressure, oxygen saturation) are baseline indicators of a patient's physiological status that nurses track regularly. In practice, a candidate should describe a step-by-step approach: assessing the situation, applying best practices related to vital signs monitoring, and evaluating the outcome, ideally referencing a real or realistic example.",vital|signs|monitoring,Demonstrates practical understanding of Vital Signs Monitoring|Provides a logical step-by-step approach|Considers risks or edge cases|Reflects on outcomes or lessons learned,What would you do differently next time regarding vital signs monitoring?|How do you measure success when handling vital signs monitoring?,4-5 minutes,6,Clinical Knowledge
NUR062,Nurse,Clinical Knowledge,Medication Administration,Hard,Describe a situation where you would apply Medication Administration on the job. How would you approach it?,"Safe medication administration follows the 'rights' of medication administration: right patient, drug, dose, route, time, and documentation. In practice, a candidate should describe a step-by-step approach: assessing the situation, applying best practices related to medication administration, and evaluating the outcome, ideally referencing a real or realistic example.",medication|administration,Demonstrates practical understanding of Medication Administration|Provides a logical step-by-step approach|Considers risks or edge cases|Reflects on outcomes or lessons learned,What would you do differently next time regarding medication administration?|How do you measure success when handling medication administration?,4-5 minutes,6,Clinical Knowledge
NUR063,Nurse,Clinical Knowledge,IV Therapy,Hard,Describe a situation where you would apply IV Therapy on the job. How would you approach it?,"IV therapy delivers fluids or medications directly into the bloodstream, requiring proper site selection, insertion technique, and monitoring for complications like infiltration. In practice, a candidate should describe a step-by-step approach: assessing the situation, applying best practices related to iv therapy, and evaluating the outcome, ideally referencing a real or realistic example.",iv|therapy,Demonstrates practical understanding of IV Therapy|Provides a logical step-by-step approach|Considers risks or edge cases|Reflects on outcomes or lessons learned,What would you do differently next time regarding iv therapy?|How do you measure success when handling iv therapy?,4-5 minutes,6,Clinical Knowledge
NUR064,Nurse,Clinical Knowledge,Wound Care,Hard,Describe a situation where you would apply Wound Care on the job. How would you approach it?,"Proper wound care involves cleaning, appropriate dressing selection, and monitoring for signs of infection or delayed healing. In practice, a candidate should describe a step-by-step approach: assessing the situation, applying best practices related to wound care, and evaluating the outcome, ideally referencing a real or realistic example.",wound|care,Demonstrates practical understanding of Wound Care|Provides a logical step-by-step approach|Considers risks or edge cases|Reflects on outcomes or lessons learned,What would you do differently next time regarding wound care?|How do you measure success when handling wound care?,4-5 minutes,6,Clinical Knowledge
NUR065,Nurse,Clinical Knowledge,Pain Management,Hard,Describe a situation where you would apply Pain Management on the job. How would you approach it?,"Effective pain management combines accurate pain assessment scales with pharmacological and non-pharmacological interventions tailored to the patient. In practice, a candidate should describe a step-by-step approach: assessing the situation, applying best practices related to pain management, and evaluating the outcome, ideally referencing a real or realistic example.",pain|management,Demonstrates practical understanding of Pain Management|Provides a logical step-by-step approach|Considers risks or edge cases|Reflects on outcomes or lessons learned,What would you do differently next time regarding pain management?|How do you measure success when handling pain management?,4-5 minutes,6,Clinical Knowledge
NUR066,Nurse,Clinical Knowledge,Diabetes Management,Hard,Describe a situation where you would apply Diabetes Management on the job. How would you approach it?,"Managing diabetic patients includes blood glucose monitoring, insulin administration, and educating patients on diet and warning signs of hypo/hyperglycemia. In practice, a candidate should describe a step-by-step approach: assessing the situation, applying best practices related to diabetes management, and evaluating the outcome, ideally referencing a real or realistic example.",diabetes|management,Demonstrates practical understanding of Diabetes Management|Provides a logical step-by-step approach|Considers risks or edge cases|Reflects on outcomes or lessons learned,What would you do differently next time regarding diabetes management?|How do you measure success when handling diabetes management?,4-5 minutes,6,Clinical Knowledge
NUR067,Nurse,Clinical Knowledge,Oxygen Therapy,Hard,Describe a situation where you would apply Oxygen Therapy on the job. How would you approach it?,"Oxygen therapy delivers supplemental oxygen via devices like nasal cannula or masks, titrated to maintain target saturation levels. In practice, a candidate should describe a step-by-step approach: assessing the situation, applying best practices related to oxygen therapy, and evaluating the outcome, ideally referencing a real or realistic example.",oxygen|therapy,Demonstrates practical understanding of Oxygen Therapy|Provides a logical step-by-step approach|Considers risks or edge cases|Reflects on outcomes or lessons learned,What would you do differently next time regarding oxygen therapy?|How do you measure success when handling oxygen therapy?,4-5 minutes,6,Clinical Knowledge
NUR068,Nurse,Patient Safety,Fall Prevention,Hard,Describe a situation where you would apply Fall Prevention on the job. How would you approach it?,"Fall prevention includes risk assessment, bed alarms, non-slip footwear, and keeping the environment free of hazards for high-risk patients. In practice, a candidate should describe a step-by-step approach: assessing the situation, applying best practices related to fall prevention, and evaluating the outcome, ideally referencing a real or realistic example.",fall|prevention,Demonstrates practical understanding of Fall Prevention|Provides a logical step-by-step approach|Considers risks or edge cases|Reflects on outcomes or lessons learned,What would you do differently next time regarding fall prevention?|How do you measure success when handling fall prevention?,4-5 minutes,6,Patient Safety
NUR069,Nurse,Patient Safety,Medication Errors Prevention,Hard,Describe a situation where you would apply Medication Errors Prevention on the job. How would you approach it?,"Preventing medication errors relies on double-checking high-alert medications, using barcode scanning, and clear communication during handoffs. In practice, a candidate should describe a step-by-step approach: assessing the situation, applying best practices related to medication errors prevention, and evaluating the outcome, ideally referencing a real or realistic example.",medication|errors|prevention,Demonstrates practical understanding of Medication Errors Prevention|Provides a logical step-by-step approach|Considers risks or edge cases|Reflects on outcomes or lessons learned,What would you do differently next time regarding medication errors prevention?|How do you measure success when handling medication errors prevention?,4-5 minutes,6,Patient Safety
NUR070,Nurse,Patient Safety,Pressure Ulcer Prevention,Hard,Describe a situation where you would apply Pressure Ulcer Prevention on the job. How would you approach it?,"Preventing pressure ulcers requires regular repositioning, skin assessment, and pressure-relieving surfaces for immobile patients. In practice, a candidate should describe a step-by-step approach: assessing the situation, applying best practices related to pressure ulcer prevention, and evaluating the outcome, ideally referencing a real or realistic example.",pressure|ulcer|prevention,Demonstrates practical understanding of Pressure Ulcer Prevention|Provides a logical step-by-step approach|Considers risks or edge cases|Reflects on outcomes or lessons learned,What would you do differently next time regarding pressure ulcer prevention?|How do you measure success when handling pressure ulcer prevention?,4-5 minutes,6,Patient Safety
NUR071,Nurse,Patient Safety,Restraint Use Policies,Hard,Describe a situation where you would apply Restraint Use Policies on the job. How would you approach it?,"Restraints should be a last resort, used only per policy with regular reassessment and documentation to protect patient rights and safety. In practice, a candidate should describe a step-by-step approach: assessing the situation, applying best practices related to restraint use policies, and evaluating the outcome, ideally referencing a real or realistic example.",restraint|use|policies,Demonstrates practical understanding of Restraint Use Policies|Provides a logical step-by-step approach|Considers risks or edge cases|Reflects on outcomes or lessons learned,What would you do differently next time regarding restraint use policies?|How do you measure success when handling restraint use policies?,4-5 minutes,6,Patient Safety
NUR072,Nurse,Infection Control,Hand Hygiene,Hard,Describe a situation where you would apply Hand Hygiene on the job. How would you approach it?,"Hand hygiene is the single most effective way to prevent healthcare-associated infections and should occur before and after every patient contact. In practice, a candidate should describe a step-by-step approach: assessing the situation, applying best practices related to hand hygiene, and evaluating the outcome, ideally referencing a real or realistic example.",hand|hygiene,Demonstrates practical understanding of Hand Hygiene|Provides a logical step-by-step approach|Considers risks or edge cases|Reflects on outcomes or lessons learned,What would you do differently next time regarding hand hygiene?|How do you measure success when handling hand hygiene?,4-5 minutes,6,Infection Control
NUR073,Nurse,Infection Control,PPE Usage,Hard,Describe a situation where you would apply PPE Usage on the job. How would you approach it?,"Correct use of personal protective equipment (gloves, gowns, masks) protects both patients and staff from cross-contamination. In practice, a candidate should describe a step-by-step approach: assessing the situation, applying best practices related to ppe usage, and evaluating the outcome, ideally referencing a real or realistic example.",ppe|usage,Demonstrates practical understanding of PPE Usage|Provides a logical step-by-step approach|Considers risks or edge cases|Reflects on outcomes or lessons learned,What would you do differently next time regarding ppe usage?|How do you measure success when handling ppe usage?,4-5 minutes,6,Infection Control
NUR074,Nurse,Infection Control,Isolation Precautions,Hard,Describe a situation where you would apply Isolation Precautions on the job. How would you approach it?,"Isolation precautions (contact, droplet, airborne) are applied based on how an infectious agent spreads to prevent transmission. In practice, a candidate should describe a step-by-step approach: assessing the situation, applying best practices related to isolation precautions, and evaluating the outcome, ideally referencing a real or realistic example.",isolation|precautions,Demonstrates practical understanding of Isolation Precautions|Provides a logical step-by-step approach|Considers risks or edge cases|Reflects on outcomes or lessons learned,What would you do differently next time regarding isolation precautions?|How do you measure success when handling isolation precautions?,4-5 minutes,6,Infection Control
NUR075,Nurse,Infection Control,Central Line Care,Hard,Describe a situation where you would apply Central Line Care on the job. How would you approach it?,"Central line care follows strict sterile technique during insertion and maintenance to prevent central line-associated bloodstream infections. In practice, a candidate should describe a step-by-step approach: assessing the situation, applying best practices related to central line care, and evaluating the outcome, ideally referencing a real or realistic example.",central|line|care,Demonstrates practical understanding of Central Line Care|Provides a logical step-by-step approach|Considers risks or edge cases|Reflects on outcomes or lessons learned,What would you do differently next time regarding central line care?|How do you measure success when handling central line care?,4-5 minutes,6,Infection Control
NUR076,Nurse,Emergency Care,CPR/BLS,Hard,Describe a situation where you would apply CPR/BLS on the job. How would you approach it?,"Basic Life Support skills, including CPR, are critical for responding to cardiac or respiratory arrest until advanced help arrives. In practice, a candidate should describe a step-by-step approach: assessing the situation, applying best practices related to cpr/bls, and evaluating the outcome, ideally referencing a real or realistic example.",cpr|bls,Demonstrates practical understanding of CPR/BLS|Provides a logical step-by-step approach|Considers risks or edge cases|Reflects on outcomes or lessons learned,What would you do differently next time regarding cpr/bls?|How do you measure success when handling cpr/bls?,4-5 minutes,6,Emergency Care
NUR077,Nurse,Emergency Care,Sepsis Recognition,Hard,Describe a situation where you would apply Sepsis Recognition on the job. How would you approach it?,"Early recognition of sepsis (fever, tachycardia, confusion, low blood pressure) and prompt treatment significantly improves patient survival. In practice, a candidate should describe a step-by-step approach: assessing the situation, applying best practices related to sepsis recognition, and evaluating the outcome, ideally referencing a real or realistic example.",sepsis|recognition,Demonstrates practical understanding of Sepsis Recognition|Provides a logical step-by-step approach|Considers risks or edge cases|Reflects on outcomes or lessons learned,What would you do differently next time regarding sepsis recognition?|How do you measure success when handling sepsis recognition?,4-5 minutes,6,Emergency Care
NUR078,Nurse,Emergency Care,Anaphylaxis Response,Hard,Describe a situation where you would apply Anaphylaxis Response on the job. How would you approach it?,"Anaphylaxis requires immediate epinephrine administration, airway management, and close monitoring for a biphasic reaction. In practice, a candidate should describe a step-by-step approach: assessing the situation, applying best practices related to anaphylaxis response, and evaluating the outcome, ideally referencing a real or realistic example.",anaphylaxis|response,Demonstrates practical understanding of Anaphylaxis Response|Provides a logical step-by-step approach|Considers risks or edge cases|Reflects on outcomes or lessons learned,What would you do differently next time regarding anaphylaxis response?|How do you measure success when handling anaphylaxis response?,4-5 minutes,6,Emergency Care
NUR079,Nurse,Emergency Care,Triage,Hard,Describe a situation where you would apply Triage on the job. How would you approach it?,"Triage prioritizes patients based on the severity of their condition to ensure the most critical cases are treated first. In practice, a candidate should describe a step-by-step approach: assessing the situation, applying best practices related to triage, and evaluating the outcome, ideally referencing a real or realistic example.",triage,Demonstrates practical understanding of Triage|Provides a logical step-by-step approach|Considers risks or edge cases|Reflects on outcomes or lessons learned,What would you do differently next time regarding triage?|How do you measure success when handling triage?,4-5 minutes,6,Emergency Care
NUR080,Nurse,Communication,SBAR Handoff,Hard,Describe a situation where you would apply SBAR Handoff on the job. How would you approach it?,"SBAR (Situation, Background, Assessment, Recommendation) is a structured communication framework used for clear handoffs between care providers. In practice, a candidate should describe a step-by-step approach: assessing the situation, applying best practices related to sbar handoff, and evaluating the outcome, ideally referencing a real or realistic example.",sbar|handoff,Demonstrates practical understanding of SBAR Handoff|Provides a logical step-by-step approach|Considers risks or edge cases|Reflects on outcomes or lessons learned,What would you do differently next time regarding sbar handoff?|How do you measure success when handling sbar handoff?,4-5 minutes,6,Communication
NUR081,Nurse,Communication,Patient Education,Hard,Describe a situation where you would apply Patient Education on the job. How would you approach it?,"Patient education explains conditions, treatments, and self-care instructions in a way patients and families can understand and act on. In practice, a candidate should describe a step-by-step approach: assessing the situation, applying best practices related to patient education, and evaluating the outcome, ideally referencing a real or realistic example.",patient|education,Demonstrates practical understanding of Patient Education|Provides a logical step-by-step approach|Considers risks or edge cases|Reflects on outcomes or lessons learned,What would you do differently next time regarding patient education?|How do you measure success when handling patient education?,4-5 minutes,6,Communication
NUR082,Nurse,Communication,Family Communication,Hard,Describe a situation where you would apply Family Communication on the job. How would you approach it?,"Clear, compassionate communication with families keeps them informed and involved in care decisions, especially during stressful situations. In practice, a candidate should describe a step-by-step approach: assessing the situation, applying best practices related to family communication, and evaluating the outcome, ideally referencing a real or realistic example.",family|communication,Demonstrates practical understanding of Family Communication|Provides a logical step-by-step approach|Considers risks or edge cases|Reflects on outcomes or lessons learned,What would you do differently next time regarding family communication?|How do you measure success when handling family communication?,4-5 minutes,6,Communication
NUR083,Nurse,Teamwork,Interdisciplinary Teamwork,Medium,Describe a situation where you would apply Interdisciplinary Teamwork on the job. How would you approach it?,"Nurses collaborate with physicians, therapists, and other staff, requiring clear communication and mutual respect for effective patient care. In practice, a candidate should describe a step-by-step approach: assessing the situation, applying best practices related to interdisciplinary teamwork, and evaluating the outcome, ideally referencing a real or realistic example.",interdisciplinary|teamwork,Demonstrates practical understanding of Interdisciplinary Teamwork|Provides a logical step-by-step approach|Considers risks or edge cases|Reflects on outcomes or lessons learned,What would you do differently next time regarding interdisciplinary teamwork?|How do you measure success when handling interdisciplinary teamwork?,4-5 minutes,6,Teamwork
NUR084,Nurse,Teamwork,Delegation to CNAs,Medium,Describe a situation where you would apply Delegation to CNAs on the job. How would you approach it?,"Effective delegation matches tasks to a certified nursing assistant's scope of practice while the nurse retains accountability for patient outcomes. In practice, a candidate should describe a step-by-step approach: assessing the situation, applying best practices related to delegation to cnas, and evaluating the outcome, ideally referencing a real or realistic example.",delegation|to|cnas,Demonstrates practical understanding of Delegation to CNAs|Provides a logical step-by-step approach|Considers risks or edge cases|Reflects on outcomes or lessons learned,What would you do differently next time regarding delegation to cnas?|How do you measure success when handling delegation to cnas?,4-5 minutes,6,Teamwork
NUR085,Nurse,Ethics,Informed Consent,Medium,Describe a situation where you would apply Informed Consent on the job. How would you approach it?,"Informed consent ensures patients understand the risks, benefits, and alternatives of a procedure before agreeing to it voluntarily. In practice, a candidate should describe a step-by-step approach: assessing the situation, applying best practices related to informed consent, and evaluating the outcome, ideally referencing a real or realistic example.",informed|consent,Demonstrates practical understanding of Informed Consent|Provides a logical step-by-step approach|Considers risks or edge cases|Reflects on outcomes or lessons learned,What would you do differently next time regarding informed consent?|How do you measure success when handling informed consent?,4-5 minutes,6,Ethics
NUR086,Nurse,Ethics,End-of-Life Care,Medium,Describe a situation where you would apply End-of-Life Care on the job. How would you approach it?,"End-of-life care focuses on comfort, dignity, and honoring patient wishes, often involving palliative care and family support. In practice, a candidate should describe a step-by-step approach: assessing the situation, applying best practices related to end-of-life care, and evaluating the outcome, ideally referencing a real or realistic example.",end-of-life|care,Demonstrates practical understanding of End-of-Life Care|Provides a logical step-by-step approach|Considers risks or edge cases|Reflects on outcomes or lessons learned,What would you do differently next time regarding end-of-life care?|How do you measure success when handling end-of-life care?,4-5 minutes,6,Ethics
NUR087,Nurse,Ethics,Advance Directives,Medium,Describe a situation where you would apply Advance Directives on the job. How would you approach it?,"Advance directives and DNR orders document a patient's wishes for care in situations where they cannot communicate decisions themselves. In practice, a candidate should describe a step-by-step approach: assessing the situation, applying best practices related to advance directives, and evaluating the outcome, ideally referencing a real or realistic example.",advance|directives,Demonstrates practical understanding of Advance Directives|Provides a logical step-by-step approach|Considers risks or edge cases|Reflects on outcomes or lessons learned,What would you do differently next time regarding advance directives?|How do you measure success when handling advance directives?,4-5 minutes,6,Ethics
NUR088,Nurse,Ethics,Patient Advocacy,Medium,Describe a situation where you would apply Patient Advocacy on the job. How would you approach it?,"Patient advocacy means speaking up for a patient's needs, rights, and preferences, especially when they cannot advocate for themselves. In practice, a candidate should describe a step-by-step approach: assessing the situation, applying best practices related to patient advocacy, and evaluating the outcome, ideally referencing a real or realistic example.",patient|advocacy,Demonstrates practical understanding of Patient Advocacy|Provides a logical step-by-step approach|Considers risks or edge cases|Reflects on outcomes or lessons learned,What would you do differently next time regarding patient advocacy?|How do you measure success when handling patient advocacy?,4-5 minutes,6,Ethics
NUR089,Nurse,Professional Development,Staying Current with Practice,Medium,Describe a situation where you would apply Staying Current with Practice on the job. How would you approach it?,"Nurses maintain competence through continuing education, certifications, and staying current with evidence-based practice guidelines. In practice, a candidate should describe a step-by-step approach: assessing the situation, applying best practices related to staying current with practice, and evaluating the outcome, ideally referencing a real or realistic example.",staying|current|with|practice,Demonstrates practical understanding of Staying Current with Practice|Provides a logical step-by-step approach|Considers risks or edge cases|Reflects on outcomes or lessons learned,What would you do differently next time regarding staying current with practice?|How do you measure success when handling staying current with practice?,4-5 minutes,6,Professional Development
NUR090,Nurse,Professional Development,Managing Stress and Burnout,Medium,Describe a situation where you would apply Managing Stress and Burnout on the job. How would you approach it?,"Managing burnout involves recognizing early signs of compassion fatigue and using coping strategies and support resources. In practice, a candidate should describe a step-by-step approach: assessing the situation, applying best practices related to managing stress and burnout, and evaluating the outcome, ideally referencing a real or realistic example.",managing|stress|and|burnout,Demonstrates practical understanding of Managing Stress and Burnout|Provides a logical step-by-step approach|Considers risks or edge cases|Reflects on outcomes or lessons learned,What would you do differently next time regarding managing stress and burnout?|How do you measure success when handling managing stress and burnout?,4-5 minutes,6,Professional Development
NUR091,Nurse,Documentation,Electronic Health Records,Medium,Describe a situation where you would apply Electronic Health Records on the job. How would you approach it?,"Accurate, timely documentation in the EHR ensures continuity of care and legal accountability for the care provided. In practice, a candidate should describe a step-by-step approach: assessing the situation, applying best practices related to electronic health records, and evaluating the outcome, ideally referencing a real or realistic example.",electronic|health|records,Demonstrates practical understanding of Electronic Health Records|Provides a logical step-by-step approach|Considers risks or edge cases|Reflects on outcomes or lessons learned,What would you do differently next time regarding electronic health records?|How do you measure success when handling electronic health records?,4-5 minutes,6,Documentation
NUR092,Nurse,Documentation,Medication Reconciliation,Medium,Describe a situation where you would apply Medication Reconciliation on the job. How would you approach it?,"Medication reconciliation compares a patient's current medications against new orders at every transition of care to prevent errors. In practice, a candidate should describe a step-by-step approach: assessing the situation, applying best practices related to medication reconciliation, and evaluating the outcome, ideally referencing a real or realistic example.",medication|reconciliation,Demonstrates practical understanding of Medication Reconciliation|Provides a logical step-by-step approach|Considers risks or edge cases|Reflects on outcomes or lessons learned,What would you do differently next time regarding medication reconciliation?|How do you measure success when handling medication reconciliation?,4-5 minutes,6,Documentation
NUR093,Nurse,Problem Solving,Prioritization of Patients,Medium,Describe a situation where you would apply Prioritization of Patients on the job. How would you approach it?,"Prioritizing patient care uses frameworks like ABC (airway, breathing, circulation) to decide which patient needs attention first. In practice, a candidate should describe a step-by-step approach: assessing the situation, applying best practices related to prioritization of patients, and evaluating the outcome, ideally referencing a real or realistic example.",prioritization|of|patients,Demonstrates practical understanding of Prioritization of Patients|Provides a logical step-by-step approach|Considers risks or edge cases|Reflects on outcomes or lessons learned,What would you do differently next time regarding prioritization of patients?|How do you measure success when handling prioritization of patients?,4-5 minutes,6,Problem Solving
NUR094,Nurse,Problem Solving,Handling Aggressive Patients,Medium,Describe a situation where you would apply Handling Aggressive Patients on the job. How would you approach it?,"De-escalating an aggressive patient involves staying calm, using non-threatening body language, and involving security if safety is at risk. In practice, a candidate should describe a step-by-step approach: assessing the situation, applying best practices related to handling aggressive patients, and evaluating the outcome, ideally referencing a real or realistic example.",handling|aggressive|patients,Demonstrates practical understanding of Handling Aggressive Patients|Provides a logical step-by-step approach|Considers risks or edge cases|Reflects on outcomes or lessons learned,What would you do differently next time regarding handling aggressive patients?|How do you measure success when handling handling aggressive patients?,4-5 minutes,6,Problem Solving
NUR095,Nurse,Clinical Knowledge,Postpartum Care,Medium,Describe a situation where you would apply Postpartum Care on the job. How would you approach it?,"Postpartum care monitors for hemorrhage, infection, and supports the mother's recovery and newborn bonding in the days after delivery. In practice, a candidate should describe a step-by-step approach: assessing the situation, applying best practices related to postpartum care, and evaluating the outcome, ideally referencing a real or realistic example.",postpartum|care,Demonstrates practical understanding of Postpartum Care|Provides a logical step-by-step approach|Considers risks or edge cases|Reflects on outcomes or lessons learned,What would you do differently next time regarding postpartum care?|How do you measure success when handling postpartum care?,4-5 minutes,6,Clinical Knowledge
NUR096,Nurse,Clinical Knowledge,Pediatric Care Considerations,Medium,Describe a situation where you would apply Pediatric Care Considerations on the job. How would you approach it?,"Pediatric nursing requires age-appropriate communication, weight-based dosing, and involving family in the care of young patients. In practice, a candidate should describe a step-by-step approach: assessing the situation, applying best practices related to pediatric care considerations, and evaluating the outcome, ideally referencing a real or realistic example.",pediatric|care|considerations,Demonstrates practical understanding of Pediatric Care Considerations|Provides a logical step-by-step approach|Considers risks or edge cases|Reflects on outcomes or lessons learned,What would you do differently next time regarding pediatric care considerations?|How do you measure success when handling pediatric care considerations?,4-5 minutes,6,Clinical Knowledge
NUR097,Nurse,Emergency Care,Disaster and Mass Casualty Response,Medium,Describe a situation where you would apply Disaster and Mass Casualty Response on the job. How would you approach it?,"Mass casualty response uses triage protocols to allocate limited resources to the greatest number of survivors during large-scale emergencies. In practice, a candidate should describe a step-by-step approach: assessing the situation, applying best practices related to disaster and mass casualty response, and evaluating the outcome, ideally referencing a real or realistic example.",disaster|and|mass|casualty|response,Demonstrates practical understanding of Disaster and Mass Casualty Response|Provides a logical step-by-step approach|Considers risks or edge cases|Reflects on outcomes or lessons learned,What would you do differently next time regarding disaster and mass casualty response?|How do you measure success when handling disaster and mass casualty response?,4-5 minutes,6,Emergency Care
NUR098,Nurse,Ethics,Elder Abuse Recognition,Medium,Describe a situation where you would apply Elder Abuse Recognition on the job. How would you approach it?,"Nurses are trained to recognize signs of elder abuse or neglect and follow mandatory reporting procedures to protect vulnerable patients. In practice, a candidate should describe a step-by-step approach: assessing the situation, applying best practices related to elder abuse recognition, and evaluating the outcome, ideally referencing a real or realistic example.",elder|abuse|recognition,Demonstrates practical understanding of Elder Abuse Recognition|Provides a logical step-by-step approach|Considers risks or edge cases|Reflects on outcomes or lessons learned,What would you do differently next time regarding elder abuse recognition?|How do you measure success when handling elder abuse recognition?,4-5 minutes,6,Ethics
NUR099,Nurse,Patient Safety,Needle Stick Injury Protocol,Medium,Describe a situation where you would apply Needle Stick Injury Protocol on the job. How would you approach it?,"After a needle stick injury, immediate steps include washing the site, reporting the incident, and following post-exposure protocols. In practice, a candidate should describe a step-by-step approach: assessing the situation, applying best practices related to needle stick injury protocol, and evaluating the outcome, ideally referencing a real or realistic example.",needle|stick|injury|protocol,Demonstrates practical understanding of Needle Stick Injury Protocol|Provides a logical step-by-step approach|Considers risks or edge cases|Reflects on outcomes or lessons learned,What would you do differently next time regarding needle stick injury protocol?|How do you measure success when handling needle stick injury protocol?,4-5 minutes,6,Patient Safety
NUR100,Nurse,Clinical Knowledge,Allergic Reaction Management,Medium,Describe a situation where you would apply Allergic Reaction Management on the job. How would you approach it?,"Managing an allergic reaction starts with identifying the allergen, stopping exposure, and monitoring for progression toward anaphylaxis. In practice, a candidate should describe a step-by-step approach: assessing the situation, applying best practices related to allergic reaction management, and evaluating the outcome, ideally referencing a real or realistic example.",allergic|reaction|management,Demonstrates practical understanding of Allergic Reaction Management|Provides a logical step-by-step approach|Considers risks or edge cases|Reflects on outcomes or lessons learned,What would you do differently next time regarding allergic reaction management?|How do you measure success when handling allergic reaction management?,4-5 minutes,6,Clinical Knowledge
DA021,Data Analyst,Statistics,Descriptive Statistics,Medium,Can you explain Descriptive Statistics and why it matters in your role?,"Descriptive statistics summarize data using measures like mean, median, mode, and standard deviation to describe its central tendency and spread. A strong candidate would also give a concrete example of applying descriptive statistics in a past project or scenario, showing not just definitional knowledge but practical judgment.",descriptive|statistics,Accurately defines Descriptive Statistics|Explains why it matters in practice|Gives a relevant example|Communicates clearly,Can you walk me through a time you used descriptive statistics directly?|What challenges have you faced with descriptive statistics?,3-4 minutes,5,Statistics
DA022,Data Analyst,Statistics,Hypothesis Testing,Medium,Can you explain Hypothesis Testing and why it matters in your role?,"Hypothesis testing uses a null and alternative hypothesis with a p-value to determine whether an observed effect is statistically significant. A strong candidate would also give a concrete example of applying hypothesis testing in a past project or scenario, showing not just definitional knowledge but practical judgment.",hypothesis|testing,Accurately defines Hypothesis Testing|Explains why it matters in practice|Gives a relevant example|Communicates clearly,Can you walk me through a time you used hypothesis testing directly?|What challenges have you faced with hypothesis testing?,3-4 minutes,5,Statistics
DA023,Data Analyst,Statistics,Correlation vs Causation,Medium,Can you explain Correlation vs Causation and why it matters in your role?,"Correlation measures how two variables move together, but does not imply that one causes the other; causation requires controlled experimentation. A strong candidate would also give a concrete example of applying correlation vs causation in a past project or scenario, showing not just definitional knowledge but practical judgment.",correlation|vs|causation,Accurately defines Correlation vs Causation|Explains why it matters in practice|Gives a relevant example|Communicates clearly,Can you walk me through a time you used correlation vs causation directly?|What challenges have you faced with correlation vs causation?,3-4 minutes,5,Statistics
DA024,Data Analyst,Statistics,A/B Testing,Medium,Can you explain A/B Testing and why it matters in your role?,"A/B testing compares two versions of something by randomly assigning users to each group and measuring which performs better on a target metric. A strong candidate would also give a concrete example of applying a/b testing in a past project or scenario, showing not just definitional knowledge but practical judgment.",a|b|testing,Accurately defines A/B Testing|Explains why it matters in practice|Gives a relevant example|Communicates clearly,Can you walk me through a time you used a/b testing directly?|What challenges have you faced with a/b testing?,3-4 minutes,5,Statistics
DA025,Data Analyst,Statistics,Confidence Intervals,Medium,Can you explain Confidence Intervals and why it matters in your role?,"A confidence interval gives a range of plausible values for a population parameter, along with a confidence level like 95%. A strong candidate would also give a concrete example of applying confidence intervals in a past project or scenario, showing not just definitional knowledge but practical judgment.",confidence|intervals,Accurately defines Confidence Intervals|Explains why it matters in practice|Gives a relevant example|Communicates clearly,Can you walk me through a time you used confidence intervals directly?|What challenges have you faced with confidence intervals?,3-4 minutes,5,Statistics
DA026,Data Analyst,Statistics,Regression Analysis,Medium,Can you explain Regression Analysis and why it matters in your role?,"Regression analysis models the relationship between a dependent variable and one or more independent variables to predict outcomes or measure impact. A strong candidate would also give a concrete example of applying regression analysis in a past project or scenario, showing not just definitional knowledge but practical judgment.",regression|analysis,Accurately defines Regression Analysis|Explains why it matters in practice|Gives a relevant example|Communicates clearly,Can you walk me through a time you used regression analysis directly?|What challenges have you faced with regression analysis?,3-4 minutes,5,Statistics
DA027,Data Analyst,Data Cleaning,Handling Missing Data,Medium,Can you explain Handling Missing Data and why it matters in your role?,"Missing data can be handled by removing incomplete records, imputing values, or using models that tolerate missingness, depending on the pattern and amount missing. A strong candidate would also give a concrete example of applying handling missing data in a past project or scenario, showing not just definitional knowledge but practical judgment.",handling|missing|data,Accurately defines Handling Missing Data|Explains why it matters in practice|Gives a relevant example|Communicates clearly,Can you walk me through a time you used handling missing data directly?|What challenges have you faced with handling missing data?,3-4 minutes,5,Data Cleaning
DA028,Data Analyst,Data Cleaning,Outlier Detection,Medium,Can you explain Outlier Detection and why it matters in your role?,"Outliers can be identified using methods like z-scores or IQR, and should be investigated before deciding to remove, cap, or keep them. A strong candidate would also give a concrete example of applying outlier detection in a past project or scenario, showing not just definitional knowledge but practical judgment.",outlier|detection,Accurately defines Outlier Detection|Explains why it matters in practice|Gives a relevant example|Communicates clearly,Can you walk me through a time you used outlier detection directly?|What challenges have you faced with outlier detection?,3-4 minutes,5,Data Cleaning
DA029,Data Analyst,Data Cleaning,Data Validation,Medium,Can you explain Data Validation and why it matters in your role?,"Data validation checks that data meets expected formats, ranges, and business rules before it's used for analysis. A strong candidate would also give a concrete example of applying data validation in a past project or scenario, showing not just definitional knowledge but practical judgment.",data|validation,Accurately defines Data Validation|Explains why it matters in practice|Gives a relevant example|Communicates clearly,Can you walk me through a time you used data validation directly?|What challenges have you faced with data validation?,3-4 minutes,5,Data Cleaning
DA030,Data Analyst,SQL,Joins in SQL,Easy,Can you explain Joins in SQL and why it matters in your role?,"SQL joins (INNER, LEFT, RIGHT, FULL) combine rows from multiple tables based on a related column, each returning a different subset of matched data. A strong candidate would also give a concrete example of applying joins in sql in a past project or scenario, showing not just definitional knowledge but practical judgment.",joins|in|sql,Accurately defines Joins in SQL|Explains why it matters in practice|Gives a relevant example|Communicates clearly,Can you walk me through a time you used joins in sql directly?|What challenges have you faced with joins in sql?,3-4 minutes,5,SQL
DA031,Data Analyst,SQL,Window Functions,Easy,Can you explain Window Functions and why it matters in your role?,"Window functions like ROW_NUMBER() and RANK() perform calculations across a set of rows related to the current row without collapsing them into a single output row. A strong candidate would also give a concrete example of applying window functions in a past project or scenario, showing not just definitional knowledge but practical judgment.",window|functions,Accurately defines Window Functions|Explains why it matters in practice|Gives a relevant example|Communicates clearly,Can you walk me through a time you used window functions directly?|What challenges have you faced with window functions?,3-4 minutes,5,SQL
DA032,Data Analyst,SQL,Subqueries,Easy,Can you explain Subqueries and why it matters in your role?,"A subquery is a query nested inside another query, used to filter or compute values used by the outer query. A strong candidate would also give a concrete example of applying subqueries in a past project or scenario, showing not just definitional knowledge but practical judgment.",subqueries,Accurately defines Subqueries|Explains why it matters in practice|Gives a relevant example|Communicates clearly,Can you walk me through a time you used subqueries directly?|What challenges have you faced with subqueries?,3-4 minutes,5,SQL
DA033,Data Analyst,SQL,Stored Procedures,Easy,Can you explain Stored Procedures and why it matters in your role?,"Stored procedures are precompiled SQL code saved in the database that can be executed repeatedly, improving performance and consistency. A strong candidate would also give a concrete example of applying stored procedures in a past project or scenario, showing not just definitional knowledge but practical judgment.",stored|procedures,Accurately defines Stored Procedures|Explains why it matters in practice|Gives a relevant example|Communicates clearly,Can you walk me through a time you used stored procedures directly?|What challenges have you faced with stored procedures?,3-4 minutes,5,SQL
DA034,Data Analyst,Excel,Pivot Tables,Easy,Can you explain Pivot Tables and why it matters in your role?,"Pivot tables let analysts summarize and cross-tabulate large datasets interactively without writing formulas for each summary. A strong candidate would also give a concrete example of applying pivot tables in a past project or scenario, showing not just definitional knowledge but practical judgment.",pivot|tables,Accurately defines Pivot Tables|Explains why it matters in practice|Gives a relevant example|Communicates clearly,Can you walk me through a time you used pivot tables directly?|What challenges have you faced with pivot tables?,3-4 minutes,5,Excel
DA035,Data Analyst,Excel,VLOOKUP and XLOOKUP,Easy,Can you explain VLOOKUP and XLOOKUP and why it matters in your role?,"VLOOKUP and the newer XLOOKUP search for a value in one column and return a corresponding value from another, commonly used to merge data from different sheets. A strong candidate would also give a concrete example of applying vlookup and xlookup in a past project or scenario, showing not just definitional knowledge but practical judgment.",vlookup|and|xlookup,Accurately defines VLOOKUP and XLOOKUP|Explains why it matters in practice|Gives a relevant example|Communicates clearly,Can you walk me through a time you used vlookup and xlookup directly?|What challenges have you faced with vlookup and xlookup?,3-4 minutes,5,Excel
DA036,Data Analyst,Excel,Excel Macros,Easy,Can you explain Excel Macros and why it matters in your role?,"Macros automate repetitive Excel tasks by recording or scripting a sequence of actions in VBA. A strong candidate would also give a concrete example of applying excel macros in a past project or scenario, showing not just definitional knowledge but practical judgment.",excel|macros,Accurately defines Excel Macros|Explains why it matters in practice|Gives a relevant example|Communicates clearly,Can you walk me through a time you used excel macros directly?|What challenges have you faced with excel macros?,3-4 minutes,5,Excel
DA037,Data Analyst,Data Visualization,Dashboard Design,Easy,Can you explain Dashboard Design and why it matters in your role?,"Good dashboard design highlights key metrics, avoids clutter, and guides the viewer's eye to the most important insights first. A strong candidate would also give a concrete example of applying dashboard design in a past project or scenario, showing not just definitional knowledge but practical judgment.",dashboard|design,Accurately defines Dashboard Design|Explains why it matters in practice|Gives a relevant example|Communicates clearly,Can you walk me through a time you used dashboard design directly?|What challenges have you faced with dashboard design?,3-4 minutes,5,Data Visualization
DA038,Data Analyst,Data Visualization,Choosing the Right Chart,Easy,Can you explain Choosing the Right Chart and why it matters in your role?,"Choosing the right chart type (bar, line, scatter, pie) depends on whether you're comparing categories, showing trends, or showing relationships. A strong candidate would also give a concrete example of applying choosing the right chart in a past project or scenario, showing not just definitional knowledge but practical judgment.",choosing|the|right|chart,Accurately defines Choosing the Right Chart|Explains why it matters in practice|Gives a relevant example|Communicates clearly,Can you walk me through a time you used choosing the right chart directly?|What challenges have you faced with choosing the right chart?,3-4 minutes,5,Data Visualization
DA039,Data Analyst,Data Visualization,Data Storytelling,Easy,Can you explain Data Storytelling and why it matters in your role?,"Data storytelling frames findings around a clear narrative and business implication rather than just presenting numbers. A strong candidate would also give a concrete example of applying data storytelling in a past project or scenario, showing not just definitional knowledge but practical judgment.",data|storytelling,Accurately defines Data Storytelling|Explains why it matters in practice|Gives a relevant example|Communicates clearly,Can you walk me through a time you used data storytelling directly?|What challenges have you faced with data storytelling?,3-4 minutes,5,Data Visualization
DA040,Data Analyst,Python,Pandas Library,Easy,Can you explain Pandas Library and why it matters in your role?,"Pandas provides DataFrame structures in Python for efficiently cleaning, transforming, and analyzing tabular data. A strong candidate would also give a concrete example of applying pandas library in a past project or scenario, showing not just definitional knowledge but practical judgment.",pandas|library,Accurately defines Pandas Library|Explains why it matters in practice|Gives a relevant example|Communicates clearly,Can you walk me through a time you used pandas library directly?|What challenges have you faced with pandas library?,3-4 minutes,5,Python
DA041,Data Analyst,Python,NumPy,Easy,Can you explain NumPy and why it matters in your role?,"NumPy provides fast array operations and numerical computing functions that underpin much of the Python data science ecosystem. A strong candidate would also give a concrete example of applying numpy in a past project or scenario, showing not just definitional knowledge but practical judgment.",numpy,Accurately defines NumPy|Explains why it matters in practice|Gives a relevant example|Communicates clearly,Can you walk me through a time you used numpy directly?|What challenges have you faced with numpy?,3-4 minutes,5,Python
DA042,Data Analyst,Python,Data Visualization Libraries,Easy,Can you explain Data Visualization Libraries and why it matters in your role?,"Libraries like Matplotlib and Seaborn let analysts create static charts in Python, while Plotly supports interactive visualizations. A strong candidate would also give a concrete example of applying data visualization libraries in a past project or scenario, showing not just definitional knowledge but practical judgment.",data|visualization|libraries,Accurately defines Data Visualization Libraries|Explains why it matters in practice|Gives a relevant example|Communicates clearly,Can you walk me through a time you used data visualization libraries directly?|What challenges have you faced with data visualization libraries?,3-4 minutes,5,Python
DA043,Data Analyst,Power BI,Power BI DAX,Easy,Can you explain Power BI DAX and why it matters in your role?,"DAX (Data Analysis Expressions) is the formula language in Power BI used to create calculated columns and measures. A strong candidate would also give a concrete example of applying power bi dax in a past project or scenario, showing not just definitional knowledge but practical judgment.",power|bi|dax,Accurately defines Power BI DAX|Explains why it matters in practice|Gives a relevant example|Communicates clearly,Can you walk me through a time you used power bi dax directly?|What challenges have you faced with power bi dax?,3-4 minutes,5,Power BI
DA044,Data Analyst,Business Analysis,KPI Definition,Easy,Can you explain KPI Definition and why it matters in your role?,"A good KPI is specific, measurable, tied to a business objective, and tracked consistently over time to gauge performance. A strong candidate would also give a concrete example of applying kpi definition in a past project or scenario, showing not just definitional knowledge but practical judgment.",kpi|definition,Accurately defines KPI Definition|Explains why it matters in practice|Gives a relevant example|Communicates clearly,Can you walk me through a time you used kpi definition directly?|What challenges have you faced with kpi definition?,3-4 minutes,5,Business Analysis
DA045,Data Analyst,Business Analysis,Cohort Analysis,Easy,Can you explain Cohort Analysis and why it matters in your role?,"Cohort analysis groups users by a shared characteristic, like signup month, to track how their behavior changes over time. A strong candidate would also give a concrete example of applying cohort analysis in a past project or scenario, showing not just definitional knowledge but practical judgment.",cohort|analysis,Accurately defines Cohort Analysis|Explains why it matters in practice|Gives a relevant example|Communicates clearly,Can you walk me through a time you used cohort analysis directly?|What challenges have you faced with cohort analysis?,3-4 minutes,5,Business Analysis
DA046,Data Analyst,Business Analysis,Funnel Analysis,Easy,Can you explain Funnel Analysis and why it matters in your role?,"Funnel analysis tracks how users move through a sequence of steps (like a purchase flow) to identify where drop-off occurs. A strong candidate would also give a concrete example of applying funnel analysis in a past project or scenario, showing not just definitional knowledge but practical judgment.",funnel|analysis,Accurately defines Funnel Analysis|Explains why it matters in practice|Gives a relevant example|Communicates clearly,Can you walk me through a time you used funnel analysis directly?|What challenges have you faced with funnel analysis?,3-4 minutes,5,Business Analysis
DA047,Data Analyst,Business Analysis,Translating Business Questions to Data Questions,Easy,Can you explain Translating Business Questions to Data Questions and why it matters in your role?,"Translating a vague business question into a specific data question involves clarifying the goal, the metric, and the comparison being made. A strong candidate would also give a concrete example of applying translating business questions to data questions in a past project or scenario, showing not just definitional knowledge but practical judgment.",translating|business|questions|to|data|questions,Accurately defines Translating Business Questions to Data Questions|Explains why it matters in practice|Gives a relevant example|Communicates clearly,Can you walk me through a time you used translating business questions to data questions directly?|What challenges have you faced with translating business questions to data questions?,3-4 minutes,5,Business Analysis
DA048,Data Analyst,Data Ethics,Data Privacy,Easy,Can you explain Data Privacy and why it matters in your role?,"Analysts must handle personal data in line with privacy regulations like GDPR, minimizing exposure of sensitive information. A strong candidate would also give a concrete example of applying data privacy in a past project or scenario, showing not just definitional knowledge but practical judgment.",data|privacy,Accurately defines Data Privacy|Explains why it matters in practice|Gives a relevant example|Communicates clearly,Can you walk me through a time you used data privacy directly?|What challenges have you faced with data privacy?,3-4 minutes,5,Data Ethics
DA049,Data Analyst,Data Ethics,Data Anonymization,Easy,Can you explain Data Anonymization and why it matters in your role?,"Anonymization removes or masks identifying information from a dataset so individuals cannot be re-identified while preserving analytical value. A strong candidate would also give a concrete example of applying data anonymization in a past project or scenario, showing not just definitional knowledge but practical judgment.",data|anonymization,Accurately defines Data Anonymization|Explains why it matters in practice|Gives a relevant example|Communicates clearly,Can you walk me through a time you used data anonymization directly?|What challenges have you faced with data anonymization?,3-4 minutes,5,Data Ethics
DA050,Data Analyst,Statistics,Sampling Methods,Easy,Can you explain Sampling Methods and why it matters in your role?,"Sampling methods like random, stratified, or cluster sampling determine how a subset of data is chosen to represent a larger population. A strong candidate would also give a concrete example of applying sampling methods in a past project or scenario, showing not just definitional knowledge but practical judgment.",sampling|methods,Accurately defines Sampling Methods|Explains why it matters in practice|Gives a relevant example|Communicates clearly,Can you walk me through a time you used sampling methods directly?|What challenges have you faced with sampling methods?,3-4 minutes,5,Statistics
DA051,Data Analyst,Statistics,ANOVA,Easy,Can you explain ANOVA and why it matters in your role?,"ANOVA (Analysis of Variance) tests whether there are statistically significant differences between the means of three or more groups. A strong candidate would also give a concrete example of applying anova in a past project or scenario, showing not just definitional knowledge but practical judgment.",anova,Accurately defines ANOVA|Explains why it matters in practice|Gives a relevant example|Communicates clearly,Can you walk me through a time you used anova directly?|What challenges have you faced with anova?,3-4 minutes,5,Statistics
DA052,Data Analyst,Data Analysis Fundamentals,Feature Engineering,Easy,Can you explain Feature Engineering and why it matters in your role?,"Feature engineering creates new input variables from raw data to improve the performance of a predictive model. A strong candidate would also give a concrete example of applying feature engineering in a past project or scenario, showing not just definitional knowledge but practical judgment.",feature|engineering,Accurately defines Feature Engineering|Explains why it matters in practice|Gives a relevant example|Communicates clearly,Can you walk me through a time you used feature engineering directly?|What challenges have you faced with feature engineering?,3-4 minutes,5,Data Analysis Fundamentals
DA053,Data Analyst,Data Analysis Fundamentals,Time Series Analysis,Easy,Can you explain Time Series Analysis and why it matters in your role?,"Time series analysis examines data points collected over time to identify trends, seasonality, and forecast future values. A strong candidate would also give a concrete example of applying time series analysis in a past project or scenario, showing not just definitional knowledge but practical judgment.",time|series|analysis,Accurately defines Time Series Analysis|Explains why it matters in practice|Gives a relevant example|Communicates clearly,Can you walk me through a time you used time series analysis directly?|What challenges have you faced with time series analysis?,3-4 minutes,5,Data Analysis Fundamentals
DA054,Data Analyst,Data Analysis Fundamentals,ETL Processes,Easy,Can you explain ETL Processes and why it matters in your role?,"ETL (Extract, Transform, Load) processes move data from source systems into a data warehouse, cleaning and reshaping it along the way. A strong candidate would also give a concrete example of applying etl processes in a past project or scenario, showing not just definitional knowledge but practical judgment.",etl|processes,Accurately defines ETL Processes|Explains why it matters in practice|Gives a relevant example|Communicates clearly,Can you walk me through a time you used etl processes directly?|What challenges have you faced with etl processes?,3-4 minutes,5,Data Analysis Fundamentals
DA055,Data Analyst,Data Analysis Fundamentals,Data Warehousing,Easy,Can you explain Data Warehousing and why it matters in your role?,"A data warehouse centralizes data from multiple sources into a structure optimized for reporting and analysis. A strong candidate would also give a concrete example of applying data warehousing in a past project or scenario, showing not just definitional knowledge but practical judgment.",data|warehousing,Accurately defines Data Warehousing|Explains why it matters in practice|Gives a relevant example|Communicates clearly,Can you walk me through a time you used data warehousing directly?|What challenges have you faced with data warehousing?,3-4 minutes,5,Data Analysis Fundamentals
DA056,Data Analyst,Business Analysis,Presenting Findings to Executives,Easy,Can you explain Presenting Findings to Executives and why it matters in your role?,"Presenting findings to executives means leading with the business impact and recommendation, then supporting it with the key data points. A strong candidate would also give a concrete example of applying presenting findings to executives in a past project or scenario, showing not just definitional knowledge but practical judgment.",presenting|findings|to|executives,Accurately defines Presenting Findings to Executives|Explains why it matters in practice|Gives a relevant example|Communicates clearly,Can you walk me through a time you used presenting findings to executives directly?|What challenges have you faced with presenting findings to executives?,3-4 minutes,5,Business Analysis
DA057,Data Analyst,SQL,Database Indexing for Analysts,Easy,Can you explain Database Indexing for Analysts and why it matters in your role?,"Understanding indexing helps analysts write queries that run efficiently on large tables by taking advantage of indexed columns. A strong candidate would also give a concrete example of applying database indexing for analysts in a past project or scenario, showing not just definitional knowledge but practical judgment.",database|indexing|for|analysts,Accurately defines Database Indexing for Analysts|Explains why it matters in practice|Gives a relevant example|Communicates clearly,Can you walk me through a time you used database indexing for analysts directly?|What challenges have you faced with database indexing for analysts?,3-4 minutes,5,SQL
DA058,Data Analyst,Python,Web Scraping Basics,Easy,Can you explain Web Scraping Basics and why it matters in your role?,"Web scraping extracts data from websites programmatically when no API is available, requiring care around site terms of service. A strong candidate would also give a concrete example of applying web scraping basics in a past project or scenario, showing not just definitional knowledge but practical judgment.",web|scraping|basics,Accurately defines Web Scraping Basics|Explains why it matters in practice|Gives a relevant example|Communicates clearly,Can you walk me through a time you used web scraping basics directly?|What challenges have you faced with web scraping basics?,3-4 minutes,5,Python
DA059,Data Analyst,Business Analysis,"Business Metrics (CAC, LTV, Churn)",Easy,"Can you explain Business Metrics (CAC, LTV, Churn) and why it matters in your role?","Customer Acquisition Cost, Lifetime Value, and churn rate are core business metrics analysts use to evaluate growth and retention health. A strong candidate would also give a concrete example of applying business metrics (cac, ltv, churn) in a past project or scenario, showing not just definitional knowledge but practical judgment.","business|metrics|cac,|ltv,|churn","Accurately defines Business Metrics (CAC, LTV, Churn)|Explains why it matters in practice|Gives a relevant example|Communicates clearly","Can you walk me through a time you used business metrics (cac, ltv, churn) directly?|What challenges have you faced with business metrics (cac, ltv, churn)?",3-4 minutes,5,Business Analysis
DA060,Data Analyst,Data Cleaning,Data Normalization for Analysis,Easy,Can you explain Data Normalization for Analysis and why it matters in your role?,"Normalizing data brings values onto a comparable scale, which is important before certain statistical or machine learning techniques. A strong candidate would also give a concrete example of applying data normalization for analysis in a past project or scenario, showing not just definitional knowledge but practical judgment.",data|normalization|for|analysis,Accurately defines Data Normalization for Analysis|Explains why it matters in practice|Gives a relevant example|Communicates clearly,Can you walk me through a time you used data normalization for analysis directly?|What challenges have you faced with data normalization for analysis?,3-4 minutes,5,Data Cleaning
DA061,Data Analyst,Statistics,Descriptive Statistics,Hard,Describe a situation where you would apply Descriptive Statistics on the job. How would you approach it?,"Descriptive statistics summarize data using measures like mean, median, mode, and standard deviation to describe its central tendency and spread. In practice, a candidate should describe a step-by-step approach: assessing the situation, applying best practices related to descriptive statistics, and evaluating the outcome, ideally referencing a real or realistic example.",descriptive|statistics,Demonstrates practical understanding of Descriptive Statistics|Provides a logical step-by-step approach|Considers risks or edge cases|Reflects on outcomes or lessons learned,What would you do differently next time regarding descriptive statistics?|How do you measure success when handling descriptive statistics?,4-5 minutes,6,Statistics
DA062,Data Analyst,Statistics,Hypothesis Testing,Hard,Describe a situation where you would apply Hypothesis Testing on the job. How would you approach it?,"Hypothesis testing uses a null and alternative hypothesis with a p-value to determine whether an observed effect is statistically significant. In practice, a candidate should describe a step-by-step approach: assessing the situation, applying best practices related to hypothesis testing, and evaluating the outcome, ideally referencing a real or realistic example.",hypothesis|testing,Demonstrates practical understanding of Hypothesis Testing|Provides a logical step-by-step approach|Considers risks or edge cases|Reflects on outcomes or lessons learned,What would you do differently next time regarding hypothesis testing?|How do you measure success when handling hypothesis testing?,4-5 minutes,6,Statistics
DA063,Data Analyst,Statistics,Correlation vs Causation,Hard,Describe a situation where you would apply Correlation vs Causation on the job. How would you approach it?,"Correlation measures how two variables move together, but does not imply that one causes the other; causation requires controlled experimentation. In practice, a candidate should describe a step-by-step approach: assessing the situation, applying best practices related to correlation vs causation, and evaluating the outcome, ideally referencing a real or realistic example.",correlation|vs|causation,Demonstrates practical understanding of Correlation vs Causation|Provides a logical step-by-step approach|Considers risks or edge cases|Reflects on outcomes or lessons learned,What would you do differently next time regarding correlation vs causation?|How do you measure success when handling correlation vs causation?,4-5 minutes,6,Statistics
DA064,Data Analyst,Statistics,A/B Testing,Hard,Describe a situation where you would apply A/B Testing on the job. How would you approach it?,"A/B testing compares two versions of something by randomly assigning users to each group and measuring which performs better on a target metric. In practice, a candidate should describe a step-by-step approach: assessing the situation, applying best practices related to a/b testing, and evaluating the outcome, ideally referencing a real or realistic example.",a|b|testing,Demonstrates practical understanding of A/B Testing|Provides a logical step-by-step approach|Considers risks or edge cases|Reflects on outcomes or lessons learned,What would you do differently next time regarding a/b testing?|How do you measure success when handling a/b testing?,4-5 minutes,6,Statistics
DA065,Data Analyst,Statistics,Confidence Intervals,Hard,Describe a situation where you would apply Confidence Intervals on the job. How would you approach it?,"A confidence interval gives a range of plausible values for a population parameter, along with a confidence level like 95%. In practice, a candidate should describe a step-by-step approach: assessing the situation, applying best practices related to confidence intervals, and evaluating the outcome, ideally referencing a real or realistic example.",confidence|intervals,Demonstrates practical understanding of Confidence Intervals|Provides a logical step-by-step approach|Considers risks or edge cases|Reflects on outcomes or lessons learned,What would you do differently next time regarding confidence intervals?|How do you measure success when handling confidence intervals?,4-5 minutes,6,Statistics
DA066,Data Analyst,Statistics,Regression Analysis,Hard,Describe a situation where you would apply Regression Analysis on the job. How would you approach it?,"Regression analysis models the relationship between a dependent variable and one or more independent variables to predict outcomes or measure impact. In practice, a candidate should describe a step-by-step approach: assessing the situation, applying best practices related to regression analysis, and evaluating the outcome, ideally referencing a real or realistic example.",regression|analysis,Demonstrates practical understanding of Regression Analysis|Provides a logical step-by-step approach|Considers risks or edge cases|Reflects on outcomes or lessons learned,What would you do differently next time regarding regression analysis?|How do you measure success when handling regression analysis?,4-5 minutes,6,Statistics
DA067,Data Analyst,Data Cleaning,Handling Missing Data,Hard,Describe a situation where you would apply Handling Missing Data on the job. How would you approach it?,"Missing data can be handled by removing incomplete records, imputing values, or using models that tolerate missingness, depending on the pattern and amount missing. In practice, a candidate should describe a step-by-step approach: assessing the situation, applying best practices related to handling missing data, and evaluating the outcome, ideally referencing a real or realistic example.",handling|missing|data,Demonstrates practical understanding of Handling Missing Data|Provides a logical step-by-step approach|Considers risks or edge cases|Reflects on outcomes or lessons learned,What would you do differently next time regarding handling missing data?|How do you measure success when handling handling missing data?,4-5 minutes,6,Data Cleaning
DA068,Data Analyst,Data Cleaning,Outlier Detection,Hard,Describe a situation where you would apply Outlier Detection on the job. How would you approach it?,"Outliers can be identified using methods like z-scores or IQR, and should be investigated before deciding to remove, cap, or keep them. In practice, a candidate should describe a step-by-step approach: assessing the situation, applying best practices related to outlier detection, and evaluating the outcome, ideally referencing a real or realistic example.",outlier|detection,Demonstrates practical understanding of Outlier Detection|Provides a logical step-by-step approach|Considers risks or edge cases|Reflects on outcomes or lessons learned,What would you do differently next time regarding outlier detection?|How do you measure success when handling outlier detection?,4-5 minutes,6,Data Cleaning
DA069,Data Analyst,Data Cleaning,Data Validation,Hard,Describe a situation where you would apply Data Validation on the job. How would you approach it?,"Data validation checks that data meets expected formats, ranges, and business rules before it's used for analysis. In practice, a candidate should describe a step-by-step approach: assessing the situation, applying best practices related to data validation, and evaluating the outcome, ideally referencing a real or realistic example.",data|validation,Demonstrates practical understanding of Data Validation|Provides a logical step-by-step approach|Considers risks or edge cases|Reflects on outcomes or lessons learned,What would you do differently next time regarding data validation?|How do you measure success when handling data validation?,4-5 minutes,6,Data Cleaning
DA070,Data Analyst,SQL,Joins in SQL,Hard,Describe a situation where you would apply Joins in SQL on the job. How would you approach it?,"SQL joins (INNER, LEFT, RIGHT, FULL) combine rows from multiple tables based on a related column, each returning a different subset of matched data. In practice, a candidate should describe a step-by-step approach: assessing the situation, applying best practices related to joins in sql, and evaluating the outcome, ideally referencing a real or realistic example.",joins|in|sql,Demonstrates practical understanding of Joins in SQL|Provides a logical step-by-step approach|Considers risks or edge cases|Reflects on outcomes or lessons learned,What would you do differently next time regarding joins in sql?|How do you measure success when handling joins in sql?,4-5 minutes,6,SQL
DA071,Data Analyst,SQL,Window Functions,Hard,Describe a situation where you would apply Window Functions on the job. How would you approach it?,"Window functions like ROW_NUMBER() and RANK() perform calculations across a set of rows related to the current row without collapsing them into a single output row. In practice, a candidate should describe a step-by-step approach: assessing the situation, applying best practices related to window functions, and evaluating the outcome, ideally referencing a real or realistic example.",window|functions,Demonstrates practical understanding of Window Functions|Provides a logical step-by-step approach|Considers risks or edge cases|Reflects on outcomes or lessons learned,What would you do differently next time regarding window functions?|How do you measure success when handling window functions?,4-5 minutes,6,SQL
DA072,Data Analyst,SQL,Subqueries,Hard,Describe a situation where you would apply Subqueries on the job. How would you approach it?,"A subquery is a query nested inside another query, used to filter or compute values used by the outer query. In practice, a candidate should describe a step-by-step approach: assessing the situation, applying best practices related to subqueries, and evaluating the outcome, ideally referencing a real or realistic example.",subqueries,Demonstrates practical understanding of Subqueries|Provides a logical step-by-step approach|Considers risks or edge cases|Reflects on outcomes or lessons learned,What would you do differently next time regarding subqueries?|How do you measure success when handling subqueries?,4-5 minutes,6,SQL
DA073,Data Analyst,SQL,Stored Procedures,Hard,Describe a situation where you would apply Stored Procedures on the job. How would you approach it?,"Stored procedures are precompiled SQL code saved in the database that can be executed repeatedly, improving performance and consistency. In practice, a candidate should describe a step-by-step approach: assessing the situation, applying best practices related to stored procedures, and evaluating the outcome, ideally referencing a real or realistic example.",stored|procedures,Demonstrates practical understanding of Stored Procedures|Provides a logical step-by-step approach|Considers risks or edge cases|Reflects on outcomes or lessons learned,What would you do differently next time regarding stored procedures?|How do you measure success when handling stored procedures?,4-5 minutes,6,SQL
DA074,Data Analyst,Excel,Pivot Tables,Hard,Describe a situation where you would apply Pivot Tables on the job. How would you approach it?,"Pivot tables let analysts summarize and cross-tabulate large datasets interactively without writing formulas for each summary. In practice, a candidate should describe a step-by-step approach: assessing the situation, applying best practices related to pivot tables, and evaluating the outcome, ideally referencing a real or realistic example.",pivot|tables,Demonstrates practical understanding of Pivot Tables|Provides a logical step-by-step approach|Considers risks or edge cases|Reflects on outcomes or lessons learned,What would you do differently next time regarding pivot tables?|How do you measure success when handling pivot tables?,4-5 minutes,6,Excel
DA075,Data Analyst,Excel,VLOOKUP and XLOOKUP,Hard,Describe a situation where you would apply VLOOKUP and XLOOKUP on the job. How would you approach it?,"VLOOKUP and the newer XLOOKUP search for a value in one column and return a corresponding value from another, commonly used to merge data from different sheets. In practice, a candidate should describe a step-by-step approach: assessing the situation, applying best practices related to vlookup and xlookup, and evaluating the outcome, ideally referencing a real or realistic example.",vlookup|and|xlookup,Demonstrates practical understanding of VLOOKUP and XLOOKUP|Provides a logical step-by-step approach|Considers risks or edge cases|Reflects on outcomes or lessons learned,What would you do differently next time regarding vlookup and xlookup?|How do you measure success when handling vlookup and xlookup?,4-5 minutes,6,Excel
DA076,Data Analyst,Excel,Excel Macros,Hard,Describe a situation where you would apply Excel Macros on the job. How would you approach it?,"Macros automate repetitive Excel tasks by recording or scripting a sequence of actions in VBA. In practice, a candidate should describe a step-by-step approach: assessing the situation, applying best practices related to excel macros, and evaluating the outcome, ideally referencing a real or realistic example.",excel|macros,Demonstrates practical understanding of Excel Macros|Provides a logical step-by-step approach|Considers risks or edge cases|Reflects on outcomes or lessons learned,What would you do differently next time regarding excel macros?|How do you measure success when handling excel macros?,4-5 minutes,6,Excel
DA077,Data Analyst,Data Visualization,Dashboard Design,Hard,Describe a situation where you would apply Dashboard Design on the job. How would you approach it?,"Good dashboard design highlights key metrics, avoids clutter, and guides the viewer's eye to the most important insights first. In practice, a candidate should describe a step-by-step approach: assessing the situation, applying best practices related to dashboard design, and evaluating the outcome, ideally referencing a real or realistic example.",dashboard|design,Demonstrates practical understanding of Dashboard Design|Provides a logical step-by-step approach|Considers risks or edge cases|Reflects on outcomes or lessons learned,What would you do differently next time regarding dashboard design?|How do you measure success when handling dashboard design?,4-5 minutes,6,Data Visualization
DA078,Data Analyst,Data Visualization,Choosing the Right Chart,Hard,Describe a situation where you would apply Choosing the Right Chart on the job. How would you approach it?,"Choosing the right chart type (bar, line, scatter, pie) depends on whether you're comparing categories, showing trends, or showing relationships. In practice, a candidate should describe a step-by-step approach: assessing the situation, applying best practices related to choosing the right chart, and evaluating the outcome, ideally referencing a real or realistic example.",choosing|the|right|chart,Demonstrates practical understanding of Choosing the Right Chart|Provides a logical step-by-step approach|Considers risks or edge cases|Reflects on outcomes or lessons learned,What would you do differently next time regarding choosing the right chart?|How do you measure success when handling choosing the right chart?,4-5 minutes,6,Data Visualization
DA079,Data Analyst,Data Visualization,Data Storytelling,Hard,Describe a situation where you would apply Data Storytelling on the job. How would you approach it?,"Data storytelling frames findings around a clear narrative and business implication rather than just presenting numbers. In practice, a candidate should describe a step-by-step approach: assessing the situation, applying best practices related to data storytelling, and evaluating the outcome, ideally referencing a real or realistic example.",data|storytelling,Demonstrates practical understanding of Data Storytelling|Provides a logical step-by-step approach|Considers risks or edge cases|Reflects on outcomes or lessons learned,What would you do differently next time regarding data storytelling?|How do you measure success when handling data storytelling?,4-5 minutes,6,Data Visualization
DA080,Data Analyst,Python,Pandas Library,Hard,Describe a situation where you would apply Pandas Library on the job. How would you approach it?,"Pandas provides DataFrame structures in Python for efficiently cleaning, transforming, and analyzing tabular data. In practice, a candidate should describe a step-by-step approach: assessing the situation, applying best practices related to pandas library, and evaluating the outcome, ideally referencing a real or realistic example.",pandas|library,Demonstrates practical understanding of Pandas Library|Provides a logical step-by-step approach|Considers risks or edge cases|Reflects on outcomes or lessons learned,What would you do differently next time regarding pandas library?|How do you measure success when handling pandas library?,4-5 minutes,6,Python
DA081,Data Analyst,Python,NumPy,Hard,Describe a situation where you would apply NumPy on the job. How would you approach it?,"NumPy provides fast array operations and numerical computing functions that underpin much of the Python data science ecosystem. In practice, a candidate should describe a step-by-step approach: assessing the situation, applying best practices related to numpy, and evaluating the outcome, ideally referencing a real or realistic example.",numpy,Demonstrates practical understanding of NumPy|Provides a logical step-by-step approach|Considers risks or edge cases|Reflects on outcomes or lessons learned,What would you do differently next time regarding numpy?|How do you measure success when handling numpy?,4-5 minutes,6,Python
DA082,Data Analyst,Python,Data Visualization Libraries,Hard,Describe a situation where you would apply Data Visualization Libraries on the job. How would you approach it?,"Libraries like Matplotlib and Seaborn let analysts create static charts in Python, while Plotly supports interactive visualizations. In practice, a candidate should describe a step-by-step approach: assessing the situation, applying best practices related to data visualization libraries, and evaluating the outcome, ideally referencing a real or realistic example.",data|visualization|libraries,Demonstrates practical understanding of Data Visualization Libraries|Provides a logical step-by-step approach|Considers risks or edge cases|Reflects on outcomes or lessons learned,What would you do differently next time regarding data visualization libraries?|How do you measure success when handling data visualization libraries?,4-5 minutes,6,Python
DA083,Data Analyst,Power BI,Power BI DAX,Medium,Describe a situation where you would apply Power BI DAX on the job. How would you approach it?,"DAX (Data Analysis Expressions) is the formula language in Power BI used to create calculated columns and measures. In practice, a candidate should describe a step-by-step approach: assessing the situation, applying best practices related to power bi dax, and evaluating the outcome, ideally referencing a real or realistic example.",power|bi|dax,Demonstrates practical understanding of Power BI DAX|Provides a logical step-by-step approach|Considers risks or edge cases|Reflects on outcomes or lessons learned,What would you do differently next time regarding power bi dax?|How do you measure success when handling power bi dax?,4-5 minutes,6,Power BI
DA084,Data Analyst,Business Analysis,KPI Definition,Medium,Describe a situation where you would apply KPI Definition on the job. How would you approach it?,"A good KPI is specific, measurable, tied to a business objective, and tracked consistently over time to gauge performance. In practice, a candidate should describe a step-by-step approach: assessing the situation, applying best practices related to kpi definition, and evaluating the outcome, ideally referencing a real or realistic example.",kpi|definition,Demonstrates practical understanding of KPI Definition|Provides a logical step-by-step approach|Considers risks or edge cases|Reflects on outcomes or lessons learned,What would you do differently next time regarding kpi definition?|How do you measure success when handling kpi definition?,4-5 minutes,6,Business Analysis
DA085,Data Analyst,Business Analysis,Cohort Analysis,Medium,Describe a situation where you would apply Cohort Analysis on the job. How would you approach it?,"Cohort analysis groups users by a shared characteristic, like signup month, to track how their behavior changes over time. In practice, a candidate should describe a step-by-step approach: assessing the situation, applying best practices related to cohort analysis, and evaluating the outcome, ideally referencing a real or realistic example.",cohort|analysis,Demonstrates practical understanding of Cohort Analysis|Provides a logical step-by-step approach|Considers risks or edge cases|Reflects on outcomes or lessons learned,What would you do differently next time regarding cohort analysis?|How do you measure success when handling cohort analysis?,4-5 minutes,6,Business Analysis
DA086,Data Analyst,Business Analysis,Funnel Analysis,Medium,Describe a situation where you would apply Funnel Analysis on the job. How would you approach it?,"Funnel analysis tracks how users move through a sequence of steps (like a purchase flow) to identify where drop-off occurs. In practice, a candidate should describe a step-by-step approach: assessing the situation, applying best practices related to funnel analysis, and evaluating the outcome, ideally referencing a real or realistic example.",funnel|analysis,Demonstrates practical understanding of Funnel Analysis|Provides a logical step-by-step approach|Considers risks or edge cases|Reflects on outcomes or lessons learned,What would you do differently next time regarding funnel analysis?|How do you measure success when handling funnel analysis?,4-5 minutes,6,Business Analysis
DA087,Data Analyst,Business Analysis,Translating Business Questions to Data Questions,Medium,Describe a situation where you would apply Translating Business Questions to Data Questions on the job. How would you approach it?,"Translating a vague business question into a specific data question involves clarifying the goal, the metric, and the comparison being made. In practice, a candidate should describe a step-by-step approach: assessing the situation, applying best practices related to translating business questions to data questions, and evaluating the outcome, ideally referencing a real or realistic example.",translating|business|questions|to|data|questions,Demonstrates practical understanding of Translating Business Questions to Data Questions|Provides a logical step-by-step approach|Considers risks or edge cases|Reflects on outcomes or lessons learned,What would you do differently next time regarding translating business questions to data questions?|How do you measure success when handling translating business questions to data questions?,4-5 minutes,6,Business Analysis
DA088,Data Analyst,Data Ethics,Data Privacy,Medium,Describe a situation where you would apply Data Privacy on the job. How would you approach it?,"Analysts must handle personal data in line with privacy regulations like GDPR, minimizing exposure of sensitive information. In practice, a candidate should describe a step-by-step approach: assessing the situation, applying best practices related to data privacy, and evaluating the outcome, ideally referencing a real or realistic example.",data|privacy,Demonstrates practical understanding of Data Privacy|Provides a logical step-by-step approach|Considers risks or edge cases|Reflects on outcomes or lessons learned,What would you do differently next time regarding data privacy?|How do you measure success when handling data privacy?,4-5 minutes,6,Data Ethics
DA089,Data Analyst,Data Ethics,Data Anonymization,Medium,Describe a situation where you would apply Data Anonymization on the job. How would you approach it?,"Anonymization removes or masks identifying information from a dataset so individuals cannot be re-identified while preserving analytical value. In practice, a candidate should describe a step-by-step approach: assessing the situation, applying best practices related to data anonymization, and evaluating the outcome, ideally referencing a real or realistic example.",data|anonymization,Demonstrates practical understanding of Data Anonymization|Provides a logical step-by-step approach|Considers risks or edge cases|Reflects on outcomes or lessons learned,What would you do differently next time regarding data anonymization?|How do you measure success when handling data anonymization?,4-5 minutes,6,Data Ethics
DA090,Data Analyst,Statistics,Sampling Methods,Medium,Describe a situation where you would apply Sampling Methods on the job. How would you approach it?,"Sampling methods like random, stratified, or cluster sampling determine how a subset of data is chosen to represent a larger population. In practice, a candidate should describe a step-by-step approach: assessing the situation, applying best practices related to sampling methods, and evaluating the outcome, ideally referencing a real or realistic example.",sampling|methods,Demonstrates practical understanding of Sampling Methods|Provides a logical step-by-step approach|Considers risks or edge cases|Reflects on outcomes or lessons learned,What would you do differently next time regarding sampling methods?|How do you measure success when handling sampling methods?,4-5 minutes,6,Statistics
DA091,Data Analyst,Statistics,ANOVA,Medium,Describe a situation where you would apply ANOVA on the job. How would you approach it?,"ANOVA (Analysis of Variance) tests whether there are statistically significant differences between the means of three or more groups. In practice, a candidate should describe a step-by-step approach: assessing the situation, applying best practices related to anova, and evaluating the outcome, ideally referencing a real or realistic example.",anova,Demonstrates practical understanding of ANOVA|Provides a logical step-by-step approach|Considers risks or edge cases|Reflects on outcomes or lessons learned,What would you do differently next time regarding anova?|How do you measure success when handling anova?,4-5 minutes,6,Statistics
DA092,Data Analyst,Data Analysis Fundamentals,Feature Engineering,Medium,Describe a situation where you would apply Feature Engineering on the job. How would you approach it?,"Feature engineering creates new input variables from raw data to improve the performance of a predictive model. In practice, a candidate should describe a step-by-step approach: assessing the situation, applying best practices related to feature engineering, and evaluating the outcome, ideally referencing a real or realistic example.",feature|engineering,Demonstrates practical understanding of Feature Engineering|Provides a logical step-by-step approach|Considers risks or edge cases|Reflects on outcomes or lessons learned,What would you do differently next time regarding feature engineering?|How do you measure success when handling feature engineering?,4-5 minutes,6,Data Analysis Fundamentals
DA093,Data Analyst,Data Analysis Fundamentals,Time Series Analysis,Medium,Describe a situation where you would apply Time Series Analysis on the job. How would you approach it?,"Time series analysis examines data points collected over time to identify trends, seasonality, and forecast future values. In practice, a candidate should describe a step-by-step approach: assessing the situation, applying best practices related to time series analysis, and evaluating the outcome, ideally referencing a real or realistic example.",time|series|analysis,Demonstrates practical understanding of Time Series Analysis|Provides a logical step-by-step approach|Considers risks or edge cases|Reflects on outcomes or lessons learned,What would you do differently next time regarding time series analysis?|How do you measure success when handling time series analysis?,4-5 minutes,6,Data Analysis Fundamentals
DA094,Data Analyst,Data Analysis Fundamentals,ETL Processes,Medium,Describe a situation where you would apply ETL Processes on the job. How would you approach it?,"ETL (Extract, Transform, Load) processes move data from source systems into a data warehouse, cleaning and reshaping it along the way. In practice, a candidate should describe a step-by-step approach: assessing the situation, applying best practices related to etl processes, and evaluating the outcome, ideally referencing a real or realistic example.",etl|processes,Demonstrates practical understanding of ETL Processes|Provides a logical step-by-step approach|Considers risks or edge cases|Reflects on outcomes or lessons learned,What would you do differently next time regarding etl processes?|How do you measure success when handling etl processes?,4-5 minutes,6,Data Analysis Fundamentals
DA095,Data Analyst,Data Analysis Fundamentals,Data Warehousing,Medium,Describe a situation where you would apply Data Warehousing on the job. How would you approach it?,"A data warehouse centralizes data from multiple sources into a structure optimized for reporting and analysis. In practice, a candidate should describe a step-by-step approach: assessing the situation, applying best practices related to data warehousing, and evaluating the outcome, ideally referencing a real or realistic example.",data|warehousing,Demonstrates practical understanding of Data Warehousing|Provides a logical step-by-step approach|Considers risks or edge cases|Reflects on outcomes or lessons learned,What would you do differently next time regarding data warehousing?|How do you measure success when handling data warehousing?,4-5 minutes,6,Data Analysis Fundamentals
DA096,Data Analyst,Business Analysis,Presenting Findings to Executives,Medium,Describe a situation where you would apply Presenting Findings to Executives on the job. How would you approach it?,"Presenting findings to executives means leading with the business impact and recommendation, then supporting it with the key data points. In practice, a candidate should describe a step-by-step approach: assessing the situation, applying best practices related to presenting findings to executives, and evaluating the outcome, ideally referencing a real or realistic example.",presenting|findings|to|executives,Demonstrates practical understanding of Presenting Findings to Executives|Provides a logical step-by-step approach|Considers risks or edge cases|Reflects on outcomes or lessons learned,What would you do differently next time regarding presenting findings to executives?|How do you measure success when handling presenting findings to executives?,4-5 minutes,6,Business Analysis
DA097,Data Analyst,SQL,Database Indexing for Analysts,Medium,Describe a situation where you would apply Database Indexing for Analysts on the job. How would you approach it?,"Understanding indexing helps analysts write queries that run efficiently on large tables by taking advantage of indexed columns. In practice, a candidate should describe a step-by-step approach: assessing the situation, applying best practices related to database indexing for analysts, and evaluating the outcome, ideally referencing a real or realistic example.",database|indexing|for|analysts,Demonstrates practical understanding of Database Indexing for Analysts|Provides a logical step-by-step approach|Considers risks or edge cases|Reflects on outcomes or lessons learned,What would you do differently next time regarding database indexing for analysts?|How do you measure success when handling database indexing for analysts?,4-5 minutes,6,SQL
DA098,Data Analyst,Python,Web Scraping Basics,Medium,Describe a situation where you would apply Web Scraping Basics on the job. How would you approach it?,"Web scraping extracts data from websites programmatically when no API is available, requiring care around site terms of service. In practice, a candidate should describe a step-by-step approach: assessing the situation, applying best practices related to web scraping basics, and evaluating the outcome, ideally referencing a real or realistic example.",web|scraping|basics,Demonstrates practical understanding of Web Scraping Basics|Provides a logical step-by-step approach|Considers risks or edge cases|Reflects on outcomes or lessons learned,What would you do differently next time regarding web scraping basics?|How do you measure success when handling web scraping basics?,4-5 minutes,6,Python
DA099,Data Analyst,Business Analysis,"Business Metrics (CAC, LTV, Churn)",Medium,"Describe a situation where you would apply Business Metrics (CAC, LTV, Churn) on the job. How would you approach it?","Customer Acquisition Cost, Lifetime Value, and churn rate are core business metrics analysts use to evaluate growth and retention health. In practice, a candidate should describe a step-by-step approach: assessing the situation, applying best practices related to business metrics (cac, ltv, churn), and evaluating the outcome, ideally referencing a real or realistic example.","business|metrics|cac,|ltv,|churn","Demonstrates practical understanding of Business Metrics (CAC, LTV, Churn)|Provides a logical step-by-step approach|Considers risks or edge cases|Reflects on outcomes or lessons learned","What would you do differently next time regarding business metrics (cac, ltv, churn)?|How do you measure success when handling business metrics (cac, ltv, churn)?",4-5 minutes,6,Business Analysis
DA100,Data Analyst,Data Cleaning,Data Normalization for Analysis,Medium,Describe a situation where you would apply Data Normalization for Analysis on the job. How would you approach it?,"Normalizing data brings values onto a comparable scale, which is important before certain statistical or machine learning techniques. In practice, a candidate should describe a step-by-step approach: assessing the situation, applying best practices related to data normalization for analysis, and evaluating the outcome, ideally referencing a real or realistic example.",data|normalization|for|analysis,Demonstrates practical understanding of Data Normalization for Analysis|Provides a logical step-by-step approach|Considers risks or edge cases|Reflects on outcomes or lessons learned,What would you do differently next time regarding data normalization for analysis?|How do you measure success when handling data normalization for analysis?,4-5 minutes,6,Data Cleaning
MM021,Marketing Manager,Marketing Strategy,Marketing Mix (4Ps),Medium,Can you explain Marketing Mix (4Ps) and why it matters in your role?,"The marketing mix (Product, Price, Place, Promotion) is a framework for planning how to bring a product to market effectively. A strong candidate would also give a concrete example of applying marketing mix (4ps) in a past project or scenario, showing not just definitional knowledge but practical judgment.",marketing|mix|4ps,Accurately defines Marketing Mix (4Ps)|Explains why it matters in practice|Gives a relevant example|Communicates clearly,Can you walk me through a time you used marketing mix (4ps) directly?|What challenges have you faced with marketing mix (4ps)?,3-4 minutes,5,Marketing Strategy
MM022,Marketing Manager,Marketing Strategy,SWOT Analysis,Medium,Can you explain SWOT Analysis and why it matters in your role?,"A SWOT analysis evaluates a company's Strengths, Weaknesses, Opportunities, and Threats to inform strategic decisions. A strong candidate would also give a concrete example of applying swot analysis in a past project or scenario, showing not just definitional knowledge but practical judgment.",swot|analysis,Accurately defines SWOT Analysis|Explains why it matters in practice|Gives a relevant example|Communicates clearly,Can you walk me through a time you used swot analysis directly?|What challenges have you faced with swot analysis?,3-4 minutes,5,Marketing Strategy
MM023,Marketing Manager,Marketing Strategy,Market Segmentation,Medium,Can you explain Market Segmentation and why it matters in your role?,"Market segmentation divides a broad market into groups of consumers with similar needs, allowing more targeted messaging and offers. A strong candidate would also give a concrete example of applying market segmentation in a past project or scenario, showing not just definitional knowledge but practical judgment.",market|segmentation,Accurately defines Market Segmentation|Explains why it matters in practice|Gives a relevant example|Communicates clearly,Can you walk me through a time you used market segmentation directly?|What challenges have you faced with market segmentation?,3-4 minutes,5,Marketing Strategy
MM024,Marketing Manager,Marketing Strategy,Positioning Statement,Medium,Can you explain Positioning Statement and why it matters in your role?,"A positioning statement defines how a brand wants to be perceived relative to competitors in the mind of the target customer. A strong candidate would also give a concrete example of applying positioning statement in a past project or scenario, showing not just definitional knowledge but practical judgment.",positioning|statement,Accurately defines Positioning Statement|Explains why it matters in practice|Gives a relevant example|Communicates clearly,Can you walk me through a time you used positioning statement directly?|What challenges have you faced with positioning statement?,3-4 minutes,5,Marketing Strategy
MM025,Marketing Manager,Marketing Strategy,Go-to-Market Strategy,Medium,Can you explain Go-to-Market Strategy and why it matters in your role?,"A go-to-market strategy outlines how a company will reach target customers and achieve competitive advantage when launching a product. A strong candidate would also give a concrete example of applying go-to-market strategy in a past project or scenario, showing not just definitional knowledge but practical judgment.",go-to-market|strategy,Accurately defines Go-to-Market Strategy|Explains why it matters in practice|Gives a relevant example|Communicates clearly,Can you walk me through a time you used go-to-market strategy directly?|What challenges have you faced with go-to-market strategy?,3-4 minutes,5,Marketing Strategy
MM026,Marketing Manager,Branding,Brand Equity,Medium,Can you explain Brand Equity and why it matters in your role?,"Brand equity is the value a brand adds beyond the functional product, built through awareness, perceived quality, and loyalty. A strong candidate would also give a concrete example of applying brand equity in a past project or scenario, showing not just definitional knowledge but practical judgment.",brand|equity,Accurately defines Brand Equity|Explains why it matters in practice|Gives a relevant example|Communicates clearly,Can you walk me through a time you used brand equity directly?|What challenges have you faced with brand equity?,3-4 minutes,5,Branding
MM027,Marketing Manager,Branding,Brand Voice,Medium,Can you explain Brand Voice and why it matters in your role?,"A consistent brand voice shapes how a company communicates across channels, reinforcing recognition and trust. A strong candidate would also give a concrete example of applying brand voice in a past project or scenario, showing not just definitional knowledge but practical judgment.",brand|voice,Accurately defines Brand Voice|Explains why it matters in practice|Gives a relevant example|Communicates clearly,Can you walk me through a time you used brand voice directly?|What challenges have you faced with brand voice?,3-4 minutes,5,Branding
MM028,Marketing Manager,Branding,Rebranding Strategy,Medium,Can you explain Rebranding Strategy and why it matters in your role?,"A rebrand should be grounded in clear research on why the change is needed and how it will be communicated to avoid alienating existing customers. A strong candidate would also give a concrete example of applying rebranding strategy in a past project or scenario, showing not just definitional knowledge but practical judgment.",rebranding|strategy,Accurately defines Rebranding Strategy|Explains why it matters in practice|Gives a relevant example|Communicates clearly,Can you walk me through a time you used rebranding strategy directly?|What challenges have you faced with rebranding strategy?,3-4 minutes,5,Branding
MM029,Marketing Manager,Digital Marketing,SEO Basics,Medium,Can you explain SEO Basics and why it matters in your role?,"SEO improves a website's visibility in organic search results through keyword optimization, quality content, and technical site health. A strong candidate would also give a concrete example of applying seo basics in a past project or scenario, showing not just definitional knowledge but practical judgment.",seo|basics,Accurately defines SEO Basics|Explains why it matters in practice|Gives a relevant example|Communicates clearly,Can you walk me through a time you used seo basics directly?|What challenges have you faced with seo basics?,3-4 minutes,5,Digital Marketing
MM030,Marketing Manager,Digital Marketing,SEM and PPC,Easy,Can you explain SEM and PPC and why it matters in your role?,"Search engine marketing and pay-per-click advertising let brands bid for visibility in search results, paying only when users click. A strong candidate would also give a concrete example of applying sem and ppc in a past project or scenario, showing not just definitional knowledge but practical judgment.",sem|and|ppc,Accurately defines SEM and PPC|Explains why it matters in practice|Gives a relevant example|Communicates clearly,Can you walk me through a time you used sem and ppc directly?|What challenges have you faced with sem and ppc?,3-4 minutes,5,Digital Marketing
MM031,Marketing Manager,Digital Marketing,Email Marketing,Easy,Can you explain Email Marketing and why it matters in your role?,"Email marketing nurtures leads and retains customers through targeted, personalized campaigns, measured by open and click-through rates. A strong candidate would also give a concrete example of applying email marketing in a past project or scenario, showing not just definitional knowledge but practical judgment.",email|marketing,Accurately defines Email Marketing|Explains why it matters in practice|Gives a relevant example|Communicates clearly,Can you walk me through a time you used email marketing directly?|What challenges have you faced with email marketing?,3-4 minutes,5,Digital Marketing
MM032,Marketing Manager,Digital Marketing,Marketing Automation,Easy,Can you explain Marketing Automation and why it matters in your role?,"Marketing automation platforms trigger personalized messages based on user behavior, reducing manual work and improving lead nurturing. A strong candidate would also give a concrete example of applying marketing automation in a past project or scenario, showing not just definitional knowledge but practical judgment.",marketing|automation,Accurately defines Marketing Automation|Explains why it matters in practice|Gives a relevant example|Communicates clearly,Can you walk me through a time you used marketing automation directly?|What challenges have you faced with marketing automation?,3-4 minutes,5,Digital Marketing
MM033,Marketing Manager,Digital Marketing,Conversion Rate Optimization,Easy,Can you explain Conversion Rate Optimization and why it matters in your role?,"CRO systematically tests changes to a website or funnel to increase the percentage of visitors who complete a desired action. A strong candidate would also give a concrete example of applying conversion rate optimization in a past project or scenario, showing not just definitional knowledge but practical judgment.",conversion|rate|optimization,Accurately defines Conversion Rate Optimization|Explains why it matters in practice|Gives a relevant example|Communicates clearly,Can you walk me through a time you used conversion rate optimization directly?|What challenges have you faced with conversion rate optimization?,3-4 minutes,5,Digital Marketing
MM034,Marketing Manager,Social Media Marketing,Social Media Strategy,Easy,Can you explain Social Media Strategy and why it matters in your role?,"An effective social media strategy tailors content and tone to each platform's audience and format rather than posting identical content everywhere. A strong candidate would also give a concrete example of applying social media strategy in a past project or scenario, showing not just definitional knowledge but practical judgment.",social|media|strategy,Accurately defines Social Media Strategy|Explains why it matters in practice|Gives a relevant example|Communicates clearly,Can you walk me through a time you used social media strategy directly?|What challenges have you faced with social media strategy?,3-4 minutes,5,Social Media Marketing
MM035,Marketing Manager,Social Media Marketing,Community Management,Easy,Can you explain Community Management and why it matters in your role?,"Community management involves engaging with followers, responding to comments, and fostering a loyal online community around the brand. A strong candidate would also give a concrete example of applying community management in a past project or scenario, showing not just definitional knowledge but practical judgment.",community|management,Accurately defines Community Management|Explains why it matters in practice|Gives a relevant example|Communicates clearly,Can you walk me through a time you used community management directly?|What challenges have you faced with community management?,3-4 minutes,5,Social Media Marketing
MM036,Marketing Manager,Social Media Marketing,Influencer Marketing,Easy,Can you explain Influencer Marketing and why it matters in your role?,"Influencer marketing partners with individuals who have engaged audiences to promote a brand authentically to their followers. A strong candidate would also give a concrete example of applying influencer marketing in a past project or scenario, showing not just definitional knowledge but practical judgment.",influencer|marketing,Accurately defines Influencer Marketing|Explains why it matters in practice|Gives a relevant example|Communicates clearly,Can you walk me through a time you used influencer marketing directly?|What challenges have you faced with influencer marketing?,3-4 minutes,5,Social Media Marketing
MM037,Marketing Manager,Content Marketing,Content Calendar,Easy,Can you explain Content Calendar and why it matters in your role?,"A content calendar plans what content will be published when and where, ensuring consistency and alignment with campaigns. A strong candidate would also give a concrete example of applying content calendar in a past project or scenario, showing not just definitional knowledge but practical judgment.",content|calendar,Accurately defines Content Calendar|Explains why it matters in practice|Gives a relevant example|Communicates clearly,Can you walk me through a time you used content calendar directly?|What challenges have you faced with content calendar?,3-4 minutes,5,Content Marketing
MM038,Marketing Manager,Content Marketing,Storytelling in Marketing,Easy,Can you explain Storytelling in Marketing and why it matters in your role?,"Effective marketing storytelling connects a product to an emotional narrative the audience can relate to, rather than just listing features. A strong candidate would also give a concrete example of applying storytelling in marketing in a past project or scenario, showing not just definitional knowledge but practical judgment.",storytelling|in|marketing,Accurately defines Storytelling in Marketing|Explains why it matters in practice|Gives a relevant example|Communicates clearly,Can you walk me through a time you used storytelling in marketing directly?|What challenges have you faced with storytelling in marketing?,3-4 minutes,5,Content Marketing
MM039,Marketing Manager,Content Marketing,Copywriting Basics,Easy,Can you explain Copywriting Basics and why it matters in your role?,"Good copywriting is clear, benefit-focused, and ends with a strong call to action tailored to the target audience. A strong candidate would also give a concrete example of applying copywriting basics in a past project or scenario, showing not just definitional knowledge but practical judgment.",copywriting|basics,Accurately defines Copywriting Basics|Explains why it matters in practice|Gives a relevant example|Communicates clearly,Can you walk me through a time you used copywriting basics directly?|What challenges have you faced with copywriting basics?,3-4 minutes,5,Content Marketing
MM040,Marketing Manager,Market Research,Market Research Methods,Easy,Can you explain Market Research Methods and why it matters in your role?,"Market research combines qualitative methods (interviews, focus groups) and quantitative methods (surveys, analytics) to understand customer needs. A strong candidate would also give a concrete example of applying market research methods in a past project or scenario, showing not just definitional knowledge but practical judgment.",market|research|methods,Accurately defines Market Research Methods|Explains why it matters in practice|Gives a relevant example|Communicates clearly,Can you walk me through a time you used market research methods directly?|What challenges have you faced with market research methods?,3-4 minutes,5,Market Research
MM041,Marketing Manager,Market Research,Competitor Analysis,Easy,Can you explain Competitor Analysis and why it matters in your role?,"Competitor analysis tracks rivals' pricing, positioning, and campaigns to identify gaps and opportunities for differentiation. A strong candidate would also give a concrete example of applying competitor analysis in a past project or scenario, showing not just definitional knowledge but practical judgment.",competitor|analysis,Accurately defines Competitor Analysis|Explains why it matters in practice|Gives a relevant example|Communicates clearly,Can you walk me through a time you used competitor analysis directly?|What challenges have you faced with competitor analysis?,3-4 minutes,5,Market Research
MM042,Marketing Manager,Market Research,Customer Journey Mapping,Easy,Can you explain Customer Journey Mapping and why it matters in your role?,"A customer journey map visualizes each touchpoint a customer has with a brand, from awareness to purchase to loyalty. A strong candidate would also give a concrete example of applying customer journey mapping in a past project or scenario, showing not just definitional knowledge but practical judgment.",customer|journey|mapping,Accurately defines Customer Journey Mapping|Explains why it matters in practice|Gives a relevant example|Communicates clearly,Can you walk me through a time you used customer journey mapping directly?|What challenges have you faced with customer journey mapping?,3-4 minutes,5,Market Research
MM043,Marketing Manager,Analytics,ROI Measurement,Easy,Can you explain ROI Measurement and why it matters in your role?,"Marketing ROI measures the revenue generated relative to the cost of a campaign, helping justify and optimize future spend. A strong candidate would also give a concrete example of applying roi measurement in a past project or scenario, showing not just definitional knowledge but practical judgment.",roi|measurement,Accurately defines ROI Measurement|Explains why it matters in practice|Gives a relevant example|Communicates clearly,Can you walk me through a time you used roi measurement directly?|What challenges have you faced with roi measurement?,3-4 minutes,5,Analytics
MM044,Marketing Manager,Analytics,Attribution Modeling,Easy,Can you explain Attribution Modeling and why it matters in your role?,"Attribution modeling assigns credit for a conversion across the multiple touchpoints a customer interacted with before converting. A strong candidate would also give a concrete example of applying attribution modeling in a past project or scenario, showing not just definitional knowledge but practical judgment.",attribution|modeling,Accurately defines Attribution Modeling|Explains why it matters in practice|Gives a relevant example|Communicates clearly,Can you walk me through a time you used attribution modeling directly?|What challenges have you faced with attribution modeling?,3-4 minutes,5,Analytics
MM045,Marketing Manager,Analytics,Google Analytics Basics,Easy,Can you explain Google Analytics Basics and why it matters in your role?,"Google Analytics tracks website traffic, user behavior, and conversions, helping marketers understand which channels drive results. A strong candidate would also give a concrete example of applying google analytics basics in a past project or scenario, showing not just definitional knowledge but practical judgment.",google|analytics|basics,Accurately defines Google Analytics Basics|Explains why it matters in practice|Gives a relevant example|Communicates clearly,Can you walk me through a time you used google analytics basics directly?|What challenges have you faced with google analytics basics?,3-4 minutes,5,Analytics
MM046,Marketing Manager,Analytics,Measuring Brand Awareness,Easy,Can you explain Measuring Brand Awareness and why it matters in your role?,"Brand awareness can be measured through surveys, search volume trends, and social listening rather than direct conversions alone. A strong candidate would also give a concrete example of applying measuring brand awareness in a past project or scenario, showing not just definitional knowledge but practical judgment.",measuring|brand|awareness,Accurately defines Measuring Brand Awareness|Explains why it matters in practice|Gives a relevant example|Communicates clearly,Can you walk me through a time you used measuring brand awareness directly?|What challenges have you faced with measuring brand awareness?,3-4 minutes,5,Analytics
MM047,Marketing Manager,Customer Relationship Management,CRM Tools,Easy,Can you explain CRM Tools and why it matters in your role?,"CRM tools like Salesforce or HubSpot track customer interactions and pipeline stages, helping align marketing and sales efforts. A strong candidate would also give a concrete example of applying crm tools in a past project or scenario, showing not just definitional knowledge but practical judgment.",crm|tools,Accurately defines CRM Tools|Explains why it matters in practice|Gives a relevant example|Communicates clearly,Can you walk me through a time you used crm tools directly?|What challenges have you faced with crm tools?,3-4 minutes,5,Customer Relationship Management
MM048,Marketing Manager,Customer Relationship Management,Customer Retention Strategy,Easy,Can you explain Customer Retention Strategy and why it matters in your role?,"Retention strategies like loyalty programs and personalized follow-ups are often more cost-effective than acquiring new customers. A strong candidate would also give a concrete example of applying customer retention strategy in a past project or scenario, showing not just definitional knowledge but practical judgment.",customer|retention|strategy,Accurately defines Customer Retention Strategy|Explains why it matters in practice|Gives a relevant example|Communicates clearly,Can you walk me through a time you used customer retention strategy directly?|What challenges have you faced with customer retention strategy?,3-4 minutes,5,Customer Relationship Management
MM049,Marketing Manager,Customer Relationship Management,Net Promoter Score,Easy,Can you explain Net Promoter Score and why it matters in your role?,"NPS measures customer loyalty by asking how likely customers are to recommend a brand, segmenting them into promoters, passives, and detractors. A strong candidate would also give a concrete example of applying net promoter score in a past project or scenario, showing not just definitional knowledge but practical judgment.",net|promoter|score,Accurately defines Net Promoter Score|Explains why it matters in practice|Gives a relevant example|Communicates clearly,Can you walk me through a time you used net promoter score directly?|What challenges have you faced with net promoter score?,3-4 minutes,5,Customer Relationship Management
MM050,Marketing Manager,Leadership,Managing a Marketing Team,Easy,Can you explain Managing a Marketing Team and why it matters in your role?,"Leading a marketing team involves setting clear priorities, giving constructive feedback, and aligning individual strengths with campaign needs. A strong candidate would also give a concrete example of applying managing a marketing team in a past project or scenario, showing not just definitional knowledge but practical judgment.",managing|a|marketing|team,Accurately defines Managing a Marketing Team|Explains why it matters in practice|Gives a relevant example|Communicates clearly,Can you walk me through a time you used managing a marketing team directly?|What challenges have you faced with managing a marketing team?,3-4 minutes,5,Leadership
MM051,Marketing Manager,Leadership,Cross-Department Collaboration,Easy,Can you explain Cross-Department Collaboration and why it matters in your role?,"Aligning marketing with sales ensures leads are handed off effectively and messaging stays consistent across the customer journey. A strong candidate would also give a concrete example of applying cross-department collaboration in a past project or scenario, showing not just definitional knowledge but practical judgment.",cross-department|collaboration,Accurately defines Cross-Department Collaboration|Explains why it matters in practice|Gives a relevant example|Communicates clearly,Can you walk me through a time you used cross-department collaboration directly?|What challenges have you faced with cross-department collaboration?,3-4 minutes,5,Leadership
MM052,Marketing Manager,Leadership,Vendor and Agency Management,Easy,Can you explain Vendor and Agency Management and why it matters in your role?,"Managing external agencies requires clear briefs, defined KPIs, and regular check-ins to keep deliverables aligned with strategy. A strong candidate would also give a concrete example of applying vendor and agency management in a past project or scenario, showing not just definitional knowledge but practical judgment.",vendor|and|agency|management,Accurately defines Vendor and Agency Management|Explains why it matters in practice|Gives a relevant example|Communicates clearly,Can you walk me through a time you used vendor and agency management directly?|What challenges have you faced with vendor and agency management?,3-4 minutes,5,Leadership
MM053,Marketing Manager,Budget Management,Campaign Budget Allocation,Easy,Can you explain Campaign Budget Allocation and why it matters in your role?,"Allocating a marketing budget across channels should be guided by historical performance data and the goals of each campaign. A strong candidate would also give a concrete example of applying campaign budget allocation in a past project or scenario, showing not just definitional knowledge but practical judgment.",campaign|budget|allocation,Accurately defines Campaign Budget Allocation|Explains why it matters in practice|Gives a relevant example|Communicates clearly,Can you walk me through a time you used campaign budget allocation directly?|What challenges have you faced with campaign budget allocation?,3-4 minutes,5,Budget Management
MM054,Marketing Manager,Budget Management,Handling Budget Cuts,Easy,Can you explain Handling Budget Cuts and why it matters in your role?,"When facing budget cuts, a marketer should prioritize channels with proven ROI and cut or pause the lowest-performing initiatives first. A strong candidate would also give a concrete example of applying handling budget cuts in a past project or scenario, showing not just definitional knowledge but practical judgment.",handling|budget|cuts,Accurately defines Handling Budget Cuts|Explains why it matters in practice|Gives a relevant example|Communicates clearly,Can you walk me through a time you used handling budget cuts directly?|What challenges have you faced with handling budget cuts?,3-4 minutes,5,Budget Management
MM055,Marketing Manager,Problem Solving,Crisis Communication,Easy,Can you explain Crisis Communication and why it matters in your role?,"Crisis communication requires a fast, transparent, and empathetic public response to protect brand reputation during a negative event. A strong candidate would also give a concrete example of applying crisis communication in a past project or scenario, showing not just definitional knowledge but practical judgment.",crisis|communication,Accurately defines Crisis Communication|Explains why it matters in practice|Gives a relevant example|Communicates clearly,Can you walk me through a time you used crisis communication directly?|What challenges have you faced with crisis communication?,3-4 minutes,5,Problem Solving
MM056,Marketing Manager,Problem Solving,Responding to a Failed Campaign,Easy,Can you explain Responding to a Failed Campaign and why it matters in your role?,"When a campaign underperforms, a marketer should analyze the data to find the root cause before adjusting targeting, creative, or channel mix. A strong candidate would also give a concrete example of applying responding to a failed campaign in a past project or scenario, showing not just definitional knowledge but practical judgment.",responding|to|a|failed|campaign,Accurately defines Responding to a Failed Campaign|Explains why it matters in practice|Gives a relevant example|Communicates clearly,Can you walk me through a time you used responding to a failed campaign directly?|What challenges have you faced with responding to a failed campaign?,3-4 minutes,5,Problem Solving
MM057,Marketing Manager,Digital Marketing,Mobile Marketing,Easy,Can you explain Mobile Marketing and why it matters in your role?,"Mobile marketing optimizes content and ads for smaller screens and includes tactics like SMS marketing and app push notifications. A strong candidate would also give a concrete example of applying mobile marketing in a past project or scenario, showing not just definitional knowledge but practical judgment.",mobile|marketing,Accurately defines Mobile Marketing|Explains why it matters in practice|Gives a relevant example|Communicates clearly,Can you walk me through a time you used mobile marketing directly?|What challenges have you faced with mobile marketing?,3-4 minutes,5,Digital Marketing
MM058,Marketing Manager,Marketing Strategy,Product Launch Strategy,Easy,Can you explain Product Launch Strategy and why it matters in your role?,"A successful product launch plan coordinates messaging, channels, and timing across teams to build anticipation and drive early adoption. A strong candidate would also give a concrete example of applying product launch strategy in a past project or scenario, showing not just definitional knowledge but practical judgment.",product|launch|strategy,Accurately defines Product Launch Strategy|Explains why it matters in practice|Gives a relevant example|Communicates clearly,Can you walk me through a time you used product launch strategy directly?|What challenges have you faced with product launch strategy?,3-4 minutes,5,Marketing Strategy
MM059,Marketing Manager,Market Research,Customer Personas,Easy,Can you explain Customer Personas and why it matters in your role?,"Customer personas are semi-fictional profiles representing key audience segments, used to guide messaging and campaign decisions. A strong candidate would also give a concrete example of applying customer personas in a past project or scenario, showing not just definitional knowledge but practical judgment.",customer|personas,Accurately defines Customer Personas|Explains why it matters in practice|Gives a relevant example|Communicates clearly,Can you walk me through a time you used customer personas directly?|What challenges have you faced with customer personas?,3-4 minutes,5,Market Research
MM060,Marketing Manager,Analytics,Marketing Ethics and Compliance,Easy,Can you explain Marketing Ethics and Compliance and why it matters in your role?,"Ethical marketing avoids deceptive claims and respects data privacy regulations like GDPR when collecting and using customer data. A strong candidate would also give a concrete example of applying marketing ethics and compliance in a past project or scenario, showing not just definitional knowledge but practical judgment.",marketing|ethics|and|compliance,Accurately defines Marketing Ethics and Compliance|Explains why it matters in practice|Gives a relevant example|Communicates clearly,Can you walk me through a time you used marketing ethics and compliance directly?|What challenges have you faced with marketing ethics and compliance?,3-4 minutes,5,Analytics
MM061,Marketing Manager,Marketing Strategy,Marketing Mix (4Ps),Hard,Describe a situation where you would apply Marketing Mix (4Ps) on the job. How would you approach it?,"The marketing mix (Product, Price, Place, Promotion) is a framework for planning how to bring a product to market effectively. In practice, a candidate should describe a step-by-step approach: assessing the situation, applying best practices related to marketing mix (4ps), and evaluating the outcome, ideally referencing a real or realistic example.",marketing|mix|4ps,Demonstrates practical understanding of Marketing Mix (4Ps)|Provides a logical step-by-step approach|Considers risks or edge cases|Reflects on outcomes or lessons learned,What would you do differently next time regarding marketing mix (4ps)?|How do you measure success when handling marketing mix (4ps)?,4-5 minutes,6,Marketing Strategy
MM062,Marketing Manager,Marketing Strategy,SWOT Analysis,Hard,Describe a situation where you would apply SWOT Analysis on the job. How would you approach it?,"A SWOT analysis evaluates a company's Strengths, Weaknesses, Opportunities, and Threats to inform strategic decisions. In practice, a candidate should describe a step-by-step approach: assessing the situation, applying best practices related to swot analysis, and evaluating the outcome, ideally referencing a real or realistic example.",swot|analysis,Demonstrates practical understanding of SWOT Analysis|Provides a logical step-by-step approach|Considers risks or edge cases|Reflects on outcomes or lessons learned,What would you do differently next time regarding swot analysis?|How do you measure success when handling swot analysis?,4-5 minutes,6,Marketing Strategy
MM063,Marketing Manager,Marketing Strategy,Market Segmentation,Hard,Describe a situation where you would apply Market Segmentation on the job. How would you approach it?,"Market segmentation divides a broad market into groups of consumers with similar needs, allowing more targeted messaging and offers. In practice, a candidate should describe a step-by-step approach: assessing the situation, applying best practices related to market segmentation, and evaluating the outcome, ideally referencing a real or realistic example.",market|segmentation,Demonstrates practical understanding of Market Segmentation|Provides a logical step-by-step approach|Considers risks or edge cases|Reflects on outcomes or lessons learned,What would you do differently next time regarding market segmentation?|How do you measure success when handling market segmentation?,4-5 minutes,6,Marketing Strategy
MM064,Marketing Manager,Marketing Strategy,Positioning Statement,Hard,Describe a situation where you would apply Positioning Statement on the job. How would you approach it?,"A positioning statement defines how a brand wants to be perceived relative to competitors in the mind of the target customer. In practice, a candidate should describe a step-by-step approach: assessing the situation, applying best practices related to positioning statement, and evaluating the outcome, ideally referencing a real or realistic example.",positioning|statement,Demonstrates practical understanding of Positioning Statement|Provides a logical step-by-step approach|Considers risks or edge cases|Reflects on outcomes or lessons learned,What would you do differently next time regarding positioning statement?|How do you measure success when handling positioning statement?,4-5 minutes,6,Marketing Strategy
MM065,Marketing Manager,Marketing Strategy,Go-to-Market Strategy,Hard,Describe a situation where you would apply Go-to-Market Strategy on the job. How would you approach it?,"A go-to-market strategy outlines how a company will reach target customers and achieve competitive advantage when launching a product. In practice, a candidate should describe a step-by-step approach: assessing the situation, applying best practices related to go-to-market strategy, and evaluating the outcome, ideally referencing a real or realistic example.",go-to-market|strategy,Demonstrates practical understanding of Go-to-Market Strategy|Provides a logical step-by-step approach|Considers risks or edge cases|Reflects on outcomes or lessons learned,What would you do differently next time regarding go-to-market strategy?|How do you measure success when handling go-to-market strategy?,4-5 minutes,6,Marketing Strategy
MM066,Marketing Manager,Branding,Brand Equity,Hard,Describe a situation where you would apply Brand Equity on the job. How would you approach it?,"Brand equity is the value a brand adds beyond the functional product, built through awareness, perceived quality, and loyalty. In practice, a candidate should describe a step-by-step approach: assessing the situation, applying best practices related to brand equity, and evaluating the outcome, ideally referencing a real or realistic example.",brand|equity,Demonstrates practical understanding of Brand Equity|Provides a logical step-by-step approach|Considers risks or edge cases|Reflects on outcomes or lessons learned,What would you do differently next time regarding brand equity?|How do you measure success when handling brand equity?,4-5 minutes,6,Branding
MM067,Marketing Manager,Branding,Brand Voice,Hard,Describe a situation where you would apply Brand Voice on the job. How would you approach it?,"A consistent brand voice shapes how a company communicates across channels, reinforcing recognition and trust. In practice, a candidate should describe a step-by-step approach: assessing the situation, applying best practices related to brand voice, and evaluating the outcome, ideally referencing a real or realistic example.",brand|voice,Demonstrates practical understanding of Brand Voice|Provides a logical step-by-step approach|Considers risks or edge cases|Reflects on outcomes or lessons learned,What would you do differently next time regarding brand voice?|How do you measure success when handling brand voice?,4-5 minutes,6,Branding
MM068,Marketing Manager,Branding,Rebranding Strategy,Hard,Describe a situation where you would apply Rebranding Strategy on the job. How would you approach it?,"A rebrand should be grounded in clear research on why the change is needed and how it will be communicated to avoid alienating existing customers. In practice, a candidate should describe a step-by-step approach: assessing the situation, applying best practices related to rebranding strategy, and evaluating the outcome, ideally referencing a real or realistic example.",rebranding|strategy,Demonstrates practical understanding of Rebranding Strategy|Provides a logical step-by-step approach|Considers risks or edge cases|Reflects on outcomes or lessons learned,What would you do differently next time regarding rebranding strategy?|How do you measure success when handling rebranding strategy?,4-5 minutes,6,Branding
MM069,Marketing Manager,Digital Marketing,SEO Basics,Hard,Describe a situation where you would apply SEO Basics on the job. How would you approach it?,"SEO improves a website's visibility in organic search results through keyword optimization, quality content, and technical site health. In practice, a candidate should describe a step-by-step approach: assessing the situation, applying best practices related to seo basics, and evaluating the outcome, ideally referencing a real or realistic example.",seo|basics,Demonstrates practical understanding of SEO Basics|Provides a logical step-by-step approach|Considers risks or edge cases|Reflects on outcomes or lessons learned,What would you do differently next time regarding seo basics?|How do you measure success when handling seo basics?,4-5 minutes,6,Digital Marketing
MM070,Marketing Manager,Digital Marketing,SEM and PPC,Hard,Describe a situation where you would apply SEM and PPC on the job. How would you approach it?,"Search engine marketing and pay-per-click advertising let brands bid for visibility in search results, paying only when users click. In practice, a candidate should describe a step-by-step approach: assessing the situation, applying best practices related to sem and ppc, and evaluating the outcome, ideally referencing a real or realistic example.",sem|and|ppc,Demonstrates practical understanding of SEM and PPC|Provides a logical step-by-step approach|Considers risks or edge cases|Reflects on outcomes or lessons learned,What would you do differently next time regarding sem and ppc?|How do you measure success when handling sem and ppc?,4-5 minutes,6,Digital Marketing
MM071,Marketing Manager,Digital Marketing,Email Marketing,Hard,Describe a situation where you would apply Email Marketing on the job. How would you approach it?,"Email marketing nurtures leads and retains customers through targeted, personalized campaigns, measured by open and click-through rates. In practice, a candidate should describe a step-by-step approach: assessing the situation, applying best practices related to email marketing, and evaluating the outcome, ideally referencing a real or realistic example.",email|marketing,Demonstrates practical understanding of Email Marketing|Provides a logical step-by-step approach|Considers risks or edge cases|Reflects on outcomes or lessons learned,What would you do differently next time regarding email marketing?|How do you measure success when handling email marketing?,4-5 minutes,6,Digital Marketing
MM072,Marketing Manager,Digital Marketing,Marketing Automation,Hard,Describe a situation where you would apply Marketing Automation on the job. How would you approach it?,"Marketing automation platforms trigger personalized messages based on user behavior, reducing manual work and improving lead nurturing. In practice, a candidate should describe a step-by-step approach: assessing the situation, applying best practices related to marketing automation, and evaluating the outcome, ideally referencing a real or realistic example.",marketing|automation,Demonstrates practical understanding of Marketing Automation|Provides a logical step-by-step approach|Considers risks or edge cases|Reflects on outcomes or lessons learned,What would you do differently next time regarding marketing automation?|How do you measure success when handling marketing automation?,4-5 minutes,6,Digital Marketing
MM073,Marketing Manager,Digital Marketing,Conversion Rate Optimization,Hard,Describe a situation where you would apply Conversion Rate Optimization on the job. How would you approach it?,"CRO systematically tests changes to a website or funnel to increase the percentage of visitors who complete a desired action. In practice, a candidate should describe a step-by-step approach: assessing the situation, applying best practices related to conversion rate optimization, and evaluating the outcome, ideally referencing a real or realistic example.",conversion|rate|optimization,Demonstrates practical understanding of Conversion Rate Optimization|Provides a logical step-by-step approach|Considers risks or edge cases|Reflects on outcomes or lessons learned,What would you do differently next time regarding conversion rate optimization?|How do you measure success when handling conversion rate optimization?,4-5 minutes,6,Digital Marketing
MM074,Marketing Manager,Social Media Marketing,Social Media Strategy,Hard,Describe a situation where you would apply Social Media Strategy on the job. How would you approach it?,"An effective social media strategy tailors content and tone to each platform's audience and format rather than posting identical content everywhere. In practice, a candidate should describe a step-by-step approach: assessing the situation, applying best practices related to social media strategy, and evaluating the outcome, ideally referencing a real or realistic example.",social|media|strategy,Demonstrates practical understanding of Social Media Strategy|Provides a logical step-by-step approach|Considers risks or edge cases|Reflects on outcomes or lessons learned,What would you do differently next time regarding social media strategy?|How do you measure success when handling social media strategy?,4-5 minutes,6,Social Media Marketing
MM075,Marketing Manager,Social Media Marketing,Community Management,Hard,Describe a situation where you would apply Community Management on the job. How would you approach it?,"Community management involves engaging with followers, responding to comments, and fostering a loyal online community around the brand. In practice, a candidate should describe a step-by-step approach: assessing the situation, applying best practices related to community management, and evaluating the outcome, ideally referencing a real or realistic example.",community|management,Demonstrates practical understanding of Community Management|Provides a logical step-by-step approach|Considers risks or edge cases|Reflects on outcomes or lessons learned,What would you do differently next time regarding community management?|How do you measure success when handling community management?,4-5 minutes,6,Social Media Marketing
MM076,Marketing Manager,Social Media Marketing,Influencer Marketing,Hard,Describe a situation where you would apply Influencer Marketing on the job. How would you approach it?,"Influencer marketing partners with individuals who have engaged audiences to promote a brand authentically to their followers. In practice, a candidate should describe a step-by-step approach: assessing the situation, applying best practices related to influencer marketing, and evaluating the outcome, ideally referencing a real or realistic example.",influencer|marketing,Demonstrates practical understanding of Influencer Marketing|Provides a logical step-by-step approach|Considers risks or edge cases|Reflects on outcomes or lessons learned,What would you do differently next time regarding influencer marketing?|How do you measure success when handling influencer marketing?,4-5 minutes,6,Social Media Marketing
MM077,Marketing Manager,Content Marketing,Content Calendar,Hard,Describe a situation where you would apply Content Calendar on the job. How would you approach it?,"A content calendar plans what content will be published when and where, ensuring consistency and alignment with campaigns. In practice, a candidate should describe a step-by-step approach: assessing the situation, applying best practices related to content calendar, and evaluating the outcome, ideally referencing a real or realistic example.",content|calendar,Demonstrates practical understanding of Content Calendar|Provides a logical step-by-step approach|Considers risks or edge cases|Reflects on outcomes or lessons learned,What would you do differently next time regarding content calendar?|How do you measure success when handling content calendar?,4-5 minutes,6,Content Marketing
MM078,Marketing Manager,Content Marketing,Storytelling in Marketing,Hard,Describe a situation where you would apply Storytelling in Marketing on the job. How would you approach it?,"Effective marketing storytelling connects a product to an emotional narrative the audience can relate to, rather than just listing features. In practice, a candidate should describe a step-by-step approach: assessing the situation, applying best practices related to storytelling in marketing, and evaluating the outcome, ideally referencing a real or realistic example.",storytelling|in|marketing,Demonstrates practical understanding of Storytelling in Marketing|Provides a logical step-by-step approach|Considers risks or edge cases|Reflects on outcomes or lessons learned,What would you do differently next time regarding storytelling in marketing?|How do you measure success when handling storytelling in marketing?,4-5 minutes,6,Content Marketing
MM079,Marketing Manager,Content Marketing,Copywriting Basics,Hard,Describe a situation where you would apply Copywriting Basics on the job. How would you approach it?,"Good copywriting is clear, benefit-focused, and ends with a strong call to action tailored to the target audience. In practice, a candidate should describe a step-by-step approach: assessing the situation, applying best practices related to copywriting basics, and evaluating the outcome, ideally referencing a real or realistic example.",copywriting|basics,Demonstrates practical understanding of Copywriting Basics|Provides a logical step-by-step approach|Considers risks or edge cases|Reflects on outcomes or lessons learned,What would you do differently next time regarding copywriting basics?|How do you measure success when handling copywriting basics?,4-5 minutes,6,Content Marketing
MM080,Marketing Manager,Market Research,Market Research Methods,Medium,Describe a situation where you would apply Market Research Methods on the job. How would you approach it?,"Market research combines qualitative methods (interviews, focus groups) and quantitative methods (surveys, analytics) to understand customer needs. In practice, a candidate should describe a step-by-step approach: assessing the situation, applying best practices related to market research methods, and evaluating the outcome, ideally referencing a real or realistic example.",market|research|methods,Demonstrates practical understanding of Market Research Methods|Provides a logical step-by-step approach|Considers risks or edge cases|Reflects on outcomes or lessons learned,What would you do differently next time regarding market research methods?|How do you measure success when handling market research methods?,4-5 minutes,6,Market Research
MM081,Marketing Manager,Market Research,Competitor Analysis,Medium,Describe a situation where you would apply Competitor Analysis on the job. How would you approach it?,"Competitor analysis tracks rivals' pricing, positioning, and campaigns to identify gaps and opportunities for differentiation. In practice, a candidate should describe a step-by-step approach: assessing the situation, applying best practices related to competitor analysis, and evaluating the outcome, ideally referencing a real or realistic example.",competitor|analysis,Demonstrates practical understanding of Competitor Analysis|Provides a logical step-by-step approach|Considers risks or edge cases|Reflects on outcomes or lessons learned,What would you do differently next time regarding competitor analysis?|How do you measure success when handling competitor analysis?,4-5 minutes,6,Market Research
MM082,Marketing Manager,Market Research,Customer Journey Mapping,Medium,Describe a situation where you would apply Customer Journey Mapping on the job. How would you approach it?,"A customer journey map visualizes each touchpoint a customer has with a brand, from awareness to purchase to loyalty. In practice, a candidate should describe a step-by-step approach: assessing the situation, applying best practices related to customer journey mapping, and evaluating the outcome, ideally referencing a real or realistic example.",customer|journey|mapping,Demonstrates practical understanding of Customer Journey Mapping|Provides a logical step-by-step approach|Considers risks or edge cases|Reflects on outcomes or lessons learned,What would you do differently next time regarding customer journey mapping?|How do you measure success when handling customer journey mapping?,4-5 minutes,6,Market Research
MM083,Marketing Manager,Analytics,ROI Measurement,Medium,Describe a situation where you would apply ROI Measurement on the job. How would you approach it?,"Marketing ROI measures the revenue generated relative to the cost of a campaign, helping justify and optimize future spend. In practice, a candidate should describe a step-by-step approach: assessing the situation, applying best practices related to roi measurement, and evaluating the outcome, ideally referencing a real or realistic example.",roi|measurement,Demonstrates practical understanding of ROI Measurement|Provides a logical step-by-step approach|Considers risks or edge cases|Reflects on outcomes or lessons learned,What would you do differently next time regarding roi measurement?|How do you measure success when handling roi measurement?,4-5 minutes,6,Analytics
MM084,Marketing Manager,Analytics,Attribution Modeling,Medium,Describe a situation where you would apply Attribution Modeling on the job. How would you approach it?,"Attribution modeling assigns credit for a conversion across the multiple touchpoints a customer interacted with before converting. In practice, a candidate should describe a step-by-step approach: assessing the situation, applying best practices related to attribution modeling, and evaluating the outcome, ideally referencing a real or realistic example.",attribution|modeling,Demonstrates practical understanding of Attribution Modeling|Provides a logical step-by-step approach|Considers risks or edge cases|Reflects on outcomes or lessons learned,What would you do differently next time regarding attribution modeling?|How do you measure success when handling attribution modeling?,4-5 minutes,6,Analytics
MM085,Marketing Manager,Analytics,Google Analytics Basics,Medium,Describe a situation where you would apply Google Analytics Basics on the job. How would you approach it?,"Google Analytics tracks website traffic, user behavior, and conversions, helping marketers understand which channels drive results. In practice, a candidate should describe a step-by-step approach: assessing the situation, applying best practices related to google analytics basics, and evaluating the outcome, ideally referencing a real or realistic example.",google|analytics|basics,Demonstrates practical understanding of Google Analytics Basics|Provides a logical step-by-step approach|Considers risks or edge cases|Reflects on outcomes or lessons learned,What would you do differently next time regarding google analytics basics?|How do you measure success when handling google analytics basics?,4-5 minutes,6,Analytics
MM086,Marketing Manager,Analytics,Measuring Brand Awareness,Medium,Describe a situation where you would apply Measuring Brand Awareness on the job. How would you approach it?,"Brand awareness can be measured through surveys, search volume trends, and social listening rather than direct conversions alone. In practice, a candidate should describe a step-by-step approach: assessing the situation, applying best practices related to measuring brand awareness, and evaluating the outcome, ideally referencing a real or realistic example.",measuring|brand|awareness,Demonstrates practical understanding of Measuring Brand Awareness|Provides a logical step-by-step approach|Considers risks or edge cases|Reflects on outcomes or lessons learned,What would you do differently next time regarding measuring brand awareness?|How do you measure success when handling measuring brand awareness?,4-5 minutes,6,Analytics
MM087,Marketing Manager,Customer Relationship Management,CRM Tools,Medium,Describe a situation where you would apply CRM Tools on the job. How would you approach it?,"CRM tools like Salesforce or HubSpot track customer interactions and pipeline stages, helping align marketing and sales efforts. In practice, a candidate should describe a step-by-step approach: assessing the situation, applying best practices related to crm tools, and evaluating the outcome, ideally referencing a real or realistic example.",crm|tools,Demonstrates practical understanding of CRM Tools|Provides a logical step-by-step approach|Considers risks or edge cases|Reflects on outcomes or lessons learned,What would you do differently next time regarding crm tools?|How do you measure success when handling crm tools?,4-5 minutes,6,Customer Relationship Management
MM088,Marketing Manager,Customer Relationship Management,Customer Retention Strategy,Medium,Describe a situation where you would apply Customer Retention Strategy on the job. How would you approach it?,"Retention strategies like loyalty programs and personalized follow-ups are often more cost-effective than acquiring new customers. In practice, a candidate should describe a step-by-step approach: assessing the situation, applying best practices related to customer retention strategy, and evaluating the outcome, ideally referencing a real or realistic example.",customer|retention|strategy,Demonstrates practical understanding of Customer Retention Strategy|Provides a logical step-by-step approach|Considers risks or edge cases|Reflects on outcomes or lessons learned,What would you do differently next time regarding customer retention strategy?|How do you measure success when handling customer retention strategy?,4-5 minutes,6,Customer Relationship Management
MM089,Marketing Manager,Customer Relationship Management,Net Promoter Score,Medium,Describe a situation where you would apply Net Promoter Score on the job. How would you approach it?,"NPS measures customer loyalty by asking how likely customers are to recommend a brand, segmenting them into promoters, passives, and detractors. In practice, a candidate should describe a step-by-step approach: assessing the situation, applying best practices related to net promoter score, and evaluating the outcome, ideally referencing a real or realistic example.",net|promoter|score,Demonstrates practical understanding of Net Promoter Score|Provides a logical step-by-step approach|Considers risks or edge cases|Reflects on outcomes or lessons learned,What would you do differently next time regarding net promoter score?|How do you measure success when handling net promoter score?,4-5 minutes,6,Customer Relationship Management
MM090,Marketing Manager,Leadership,Managing a Marketing Team,Medium,Describe a situation where you would apply Managing a Marketing Team on the job. How would you approach it?,"Leading a marketing team involves setting clear priorities, giving constructive feedback, and aligning individual strengths with campaign needs. In practice, a candidate should describe a step-by-step approach: assessing the situation, applying best practices related to managing a marketing team, and evaluating the outcome, ideally referencing a real or realistic example.",managing|a|marketing|team,Demonstrates practical understanding of Managing a Marketing Team|Provides a logical step-by-step approach|Considers risks or edge cases|Reflects on outcomes or lessons learned,What would you do differently next time regarding managing a marketing team?|How do you measure success when handling managing a marketing team?,4-5 minutes,6,Leadership
MM091,Marketing Manager,Leadership,Cross-Department Collaboration,Medium,Describe a situation where you would apply Cross-Department Collaboration on the job. How would you approach it?,"Aligning marketing with sales ensures leads are handed off effectively and messaging stays consistent across the customer journey. In practice, a candidate should describe a step-by-step approach: assessing the situation, applying best practices related to cross-department collaboration, and evaluating the outcome, ideally referencing a real or realistic example.",cross-department|collaboration,Demonstrates practical understanding of Cross-Department Collaboration|Provides a logical step-by-step approach|Considers risks or edge cases|Reflects on outcomes or lessons learned,What would you do differently next time regarding cross-department collaboration?|How do you measure success when handling cross-department collaboration?,4-5 minutes,6,Leadership
MM092,Marketing Manager,Leadership,Vendor and Agency Management,Medium,Describe a situation where you would apply Vendor and Agency Management on the job. How would you approach it?,"Managing external agencies requires clear briefs, defined KPIs, and regular check-ins to keep deliverables aligned with strategy. In practice, a candidate should describe a step-by-step approach: assessing the situation, applying best practices related to vendor and agency management, and evaluating the outcome, ideally referencing a real or realistic example.",vendor|and|agency|management,Demonstrates practical understanding of Vendor and Agency Management|Provides a logical step-by-step approach|Considers risks or edge cases|Reflects on outcomes or lessons learned,What would you do differently next time regarding vendor and agency management?|How do you measure success when handling vendor and agency management?,4-5 minutes,6,Leadership
MM093,Marketing Manager,Budget Management,Campaign Budget Allocation,Medium,Describe a situation where you would apply Campaign Budget Allocation on the job. How would you approach it?,"Allocating a marketing budget across channels should be guided by historical performance data and the goals of each campaign. In practice, a candidate should describe a step-by-step approach: assessing the situation, applying best practices related to campaign budget allocation, and evaluating the outcome, ideally referencing a real or realistic example.",campaign|budget|allocation,Demonstrates practical understanding of Campaign Budget Allocation|Provides a logical step-by-step approach|Considers risks or edge cases|Reflects on outcomes or lessons learned,What would you do differently next time regarding campaign budget allocation?|How do you measure success when handling campaign budget allocation?,4-5 minutes,6,Budget Management
MM094,Marketing Manager,Budget Management,Handling Budget Cuts,Medium,Describe a situation where you would apply Handling Budget Cuts on the job. How would you approach it?,"When facing budget cuts, a marketer should prioritize channels with proven ROI and cut or pause the lowest-performing initiatives first. In practice, a candidate should describe a step-by-step approach: assessing the situation, applying best practices related to handling budget cuts, and evaluating the outcome, ideally referencing a real or realistic example.",handling|budget|cuts,Demonstrates practical understanding of Handling Budget Cuts|Provides a logical step-by-step approach|Considers risks or edge cases|Reflects on outcomes or lessons learned,What would you do differently next time regarding handling budget cuts?|How do you measure success when handling handling budget cuts?,4-5 minutes,6,Budget Management
MM095,Marketing Manager,Problem Solving,Crisis Communication,Medium,Describe a situation where you would apply Crisis Communication on the job. How would you approach it?,"Crisis communication requires a fast, transparent, and empathetic public response to protect brand reputation during a negative event. In practice, a candidate should describe a step-by-step approach: assessing the situation, applying best practices related to crisis communication, and evaluating the outcome, ideally referencing a real or realistic example.",crisis|communication,Demonstrates practical understanding of Crisis Communication|Provides a logical step-by-step approach|Considers risks or edge cases|Reflects on outcomes or lessons learned,What would you do differently next time regarding crisis communication?|How do you measure success when handling crisis communication?,4-5 minutes,6,Problem Solving
MM096,Marketing Manager,Problem Solving,Responding to a Failed Campaign,Medium,Describe a situation where you would apply Responding to a Failed Campaign on the job. How would you approach it?,"When a campaign underperforms, a marketer should analyze the data to find the root cause before adjusting targeting, creative, or channel mix. In practice, a candidate should describe a step-by-step approach: assessing the situation, applying best practices related to responding to a failed campaign, and evaluating the outcome, ideally referencing a real or realistic example.",responding|to|a|failed|campaign,Demonstrates practical understanding of Responding to a Failed Campaign|Provides a logical step-by-step approach|Considers risks or edge cases|Reflects on outcomes or lessons learned,What would you do differently next time regarding responding to a failed campaign?|How do you measure success when handling responding to a failed campaign?,4-5 minutes,6,Problem Solving
MM097,Marketing Manager,Digital Marketing,Mobile Marketing,Medium,Describe a situation where you would apply Mobile Marketing on the job. How would you approach it?,"Mobile marketing optimizes content and ads for smaller screens and includes tactics like SMS marketing and app push notifications. In practice, a candidate should describe a step-by-step approach: assessing the situation, applying best practices related to mobile marketing, and evaluating the outcome, ideally referencing a real or realistic example.",mobile|marketing,Demonstrates practical understanding of Mobile Marketing|Provides a logical step-by-step approach|Considers risks or edge cases|Reflects on outcomes or lessons learned,What would you do differently next time regarding mobile marketing?|How do you measure success when handling mobile marketing?,4-5 minutes,6,Digital Marketing
MM098,Marketing Manager,Marketing Strategy,Product Launch Strategy,Medium,Describe a situation where you would apply Product Launch Strategy on the job. How would you approach it?,"A successful product launch plan coordinates messaging, channels, and timing across teams to build anticipation and drive early adoption. In practice, a candidate should describe a step-by-step approach: assessing the situation, applying best practices related to product launch strategy, and evaluating the outcome, ideally referencing a real or realistic example.",product|launch|strategy,Demonstrates practical understanding of Product Launch Strategy|Provides a logical step-by-step approach|Considers risks or edge cases|Reflects on outcomes or lessons learned,What would you do differently next time regarding product launch strategy?|How do you measure success when handling product launch strategy?,4-5 minutes,6,Marketing Strategy
MM099,Marketing Manager,Market Research,Customer Personas,Medium,Describe a situation where you would apply Customer Personas on the job. How would you approach it?,"Customer personas are semi-fictional profiles representing key audience segments, used to guide messaging and campaign decisions. In practice, a candidate should describe a step-by-step approach: assessing the situation, applying best practices related to customer personas, and evaluating the outcome, ideally referencing a real or realistic example.",customer|personas,Demonstrates practical understanding of Customer Personas|Provides a logical step-by-step approach|Considers risks or edge cases|Reflects on outcomes or lessons learned,What would you do differently next time regarding customer personas?|How do you measure success when handling customer personas?,4-5 minutes,6,Market Research
MM100,Marketing Manager,Analytics,Marketing Ethics and Compliance,Medium,Describe a situation where you would apply Marketing Ethics and Compliance on the job. How would you approach it?,"Ethical marketing avoids deceptive claims and respects data privacy regulations like GDPR when collecting and using customer data. In practice, a candidate should describe a step-by-step approach: assessing the situation, applying best practices related to marketing ethics and compliance, and evaluating the outcome, ideally referencing a real or realistic example.",marketing|ethics|and|compliance,Demonstrates practical understanding of Marketing Ethics and Compliance|Provides a logical step-by-step approach|Considers risks or edge cases|Reflects on outcomes or lessons learned,What would you do differently next time regarding marketing ethics and compliance?|How do you measure success when handling marketing ethics and compliance?,4-5 minutes,6,Analytics
